name,price,year,mileage,engine,date_listed,day_listed,month_listed,year_listed,days_since_listed,link
 ,£4495,2015,44000,1.0,29/05/2025,29,5,2025,1,https://www.autotrader.co.uk/car-details/202505292956053?sort=most-recent&searchId=3090e99f-62e0-4cc1-b3de-9e237aef0765&advertising-location=at_cars&make=&model=&page=18&postcode=BB7%203BB&fromsra
 ,£21290,2017,14000,2.0,29/05/2025,29,5,2025,1,https://www.autotrader.co.uk/car-details/202505292956028?sort=most-recent&searchId=3090e99f-62e0-4cc1-b3de-9e237aef0765&advertising-location=at_cars&make=&model=&page=18&postcode=BB7%203BB&fromsra
 ,£2500,2009,225000,2.0,29/05/2025,29,5,2025,1,https://www.autotrader.co.uk/car-details/202505292956021?sort=most-recent&searchId=3090e99f-62e0-4cc1-b3de-9e237aef0765&advertising-location=at_cars&make=&model=&page=18&postcode=BB7%203BB&fromsra
 ,£2250,2010,114000,1.6,29/05/2025,29,5,2025,1,https://www.autotrader.co.uk/car-details/202505292956020?sort=most-recent&searchId=3090e99f-62e0-4cc1-b3de-9e237aef0765&advertising-location=at_cars&make=&model=&page=18&postcode=BB7%203BB&fromsra
 ,£8790,2019,114103,,29/05/2025,29,5,2025,1,https://www.autotrader.co.uk/car-details/202505292956013?sort=most-recent&searchId=3090e99f-62e0-4cc1-b3de-9e237aef0765&advertising-location=at_cars&make=&model=&page=18&postcode=BB7%203BB&fromsra
 ,£15499,2022,40500,1.8,29/05/2025,29,5,2025,1,https://www.autotrader.co.uk/car-details/202505292956009?sort=most-recent&searchId=3090e99f-62e0-4cc1-b3de-9e237aef0765&advertising-location=at_cars&make=&model=&page=18&postcode=BB7%203BB&fromsra
 ,£5150,2015,78000,1.4,29/05/2025,29,5,2025,1,https://www.autotrader.co.uk/car-details/202505292956003?sort=most-recent&searchId=3090e99f-62e0-4cc1-b3de-9e237aef0765&advertising-location=at_cars&make=&model=&page=18&postcode=BB7%203BB&fromsra
 ,£1495,2010,151131,2.0,29/05/2025,29,5,2025,1,https://www.autotrader.co.uk/car-details/202505292955995?sort=most-recent&searchId=3090e99f-62e0-4cc1-b3de-9e237aef0765&advertising-location=at_cars&make=&model=&page=18&postcode=BB7%203BB&fromsra
 ,£12995,2020,23000,1.5,29/05/2025,29,5,2025,1,https://www.autotrader.co.uk/car-details/202505292955994?sort=most-recent&searchId=3090e99f-62e0-4cc1-b3de-9e237aef0765&advertising-location=at_cars&make=&model=&page=18&postcode=BB7%203BB&fromsra
 ,£8570,2011,60171,2.0,29/05/2025,29,5,2025,1,https://www.autotrader.co.uk/car-details/202505292955993?sort=most-recent&searchId=3090e99f-62e0-4cc1-b3de-9e237aef0765&advertising-location=at_cars&make=&model=&page=18&postcode=BB7%203BB&fromsra
 ,£9490,2014,90000,2.0,29/05/2025,29,5,2025,1,https://www.autotrader.co.uk/car-details/202505292955989?sort=most-recent&searchId=3090e99f-62e0-4cc1-b3de-9e237aef0765&advertising-location=at_cars&make=&model=&page=18&postcode=BB7%203BB&fromsra
 ,£3995,2012,92696,2.0,29/05/2025,29,5,2025,1,https://www.autotrader.co.uk/car-details/202505292955978?sort=most-recent&searchId=3090e99f-62e0-4cc1-b3de-9e237aef0765&advertising-location=at_cars&make=&model=&page=18&postcode=BB7%203BB&fromsra
 ,£25895,2019,45304,2.0,29/05/2025,29,5,2025,1,https://www.autotrader.co.uk/car-details/202505292955977?sort=most-recent&searchId=3090e99f-62e0-4cc1-b3de-9e237aef0765&advertising-location=at_cars&make=&model=&page=18&postcode=BB7%203BB&fromsra
 ,£3790,2015,149773,2.0,29/05/2025,29,5,2025,1,https://www.autotrader.co.uk/car-details/202505292955975?sort=most-recent&searchId=3090e99f-62e0-4cc1-b3de-9e237aef0765&advertising-location=at_cars&make=&model=&page=18&postcode=BB7%203BB&fromsra
 ,£6295,2016,93951,2.0,29/05/2025,29,5,2025,1,https://www.autotrader.co.uk/car-details/202505292955973?sort=most-recent&searchId=3090e99f-62e0-4cc1-b3de-9e237aef0765&advertising-location=at_cars&make=&model=&page=18&postcode=BB7%203BB&fromsra
 ,£5495,2010,47226,3.0,29/05/2025,29,5,2025,1,https://www.autotrader.co.uk/car-details/202505292955969?sort=most-recent&searchId=3090e99f-62e0-4cc1-b3de-9e237aef0765&advertising-location=at_cars&make=&model=&page=18&postcode=BB7%203BB&fromsra
 ,£11000,1999,98115,2.2,29/05/2025,29,5,2025,1,https://www.autotrader.co.uk/car-details/202505292955966?sort=most-recent&searchId=3090e99f-62e0-4cc1-b3de-9e237aef0765&advertising-location=at_cars&make=&model=&page=18&postcode=BB7%203BB&fromsra
 ,£2150,2007,65552,1.6,29/05/2025,29,5,2025,1,https://www.autotrader.co.uk/car-details/202505292955965?sort=most-recent&searchId=3090e99f-62e0-4cc1-b3de-9e237aef0765&advertising-location=at_cars&make=&model=&page=18&postcode=BB7%203BB&fromsra
 ,£19490,2019,38880,1.5,29/05/2025,29,5,2025,1,https://www.autotrader.co.uk/car-details/202505292955964?sort=most-recent&searchId=3090e99f-62e0-4cc1-b3de-9e237aef0765&advertising-location=at_cars&make=&model=&page=18&postcode=BB7%203BB&fromsra
 ,£4940,2013,31345,1.6,29/05/2025,29,5,2025,1,https://www.autotrader.co.uk/car-details/202505292955961?sort=most-recent&searchId=3090e99f-62e0-4cc1-b3de-9e237aef0765&advertising-location=at_cars&make=&model=&page=18&postcode=BB7%203BB&fromsra
 ,£15339,2008,19038,1.2,05/05/2025,05,5,2025,25,https://www.autotrader.co.uk/car-details/202505052047178?journey=FEATURED_LISTING_JOURNEY&sort=most-recent&searchId=3090e99f-62e0-4cc1-b3de-9e237aef0765&advertising-location=at_cars&make=&model=&page=18&postcode=BB7%203BB&fromsra
 ,£3089,2011,167000,2.0,29/05/2025,29,5,2025,1,https://www.autotrader.co.uk/car-details/202505292955960?sort=most-recent&searchId=3090e99f-62e0-4cc1-b3de-9e237aef0765&advertising-location=at_cars&make=&model=&page=18&postcode=BB7%203BB&fromsra
 ,£895,2008,72000,1.4,29/05/2025,29,5,2025,1,https://www.autotrader.co.uk/car-details/202505292955959?sort=most-recent&searchId=3090e99f-62e0-4cc1-b3de-9e237aef0765&advertising-location=at_cars&make=&model=&page=18&postcode=BB7%203BB&fromsra
 ,£11233,2015,76295,2.2,29/05/2025,29,5,2025,1,https://www.autotrader.co.uk/car-details/202505292955958?sort=most-recent&searchId=3090e99f-62e0-4cc1-b3de-9e237aef0765&advertising-location=at_cars&make=&model=&page=18&postcode=BB7%203BB&fromsra
 ,£11995,2018,115000,2.0,29/05/2025,29,5,2025,1,https://www.autotrader.co.uk/car-details/202505292955957?sort=most-recent&searchId=3090e99f-62e0-4cc1-b3de-9e237aef0765&advertising-location=at_cars&make=&model=&page=18&postcode=BB7%203BB&fromsra
 ,£26990,2017,58000,3.0,29/05/2025,29,5,2025,1,https://www.autotrader.co.uk/car-details/202505292955953?sort=most-recent&searchId=3090e99f-62e0-4cc1-b3de-9e237aef0765&advertising-location=at_cars&make=&model=&page=18&postcode=BB7%203BB&fromsra
 ,£4990,2006,48656,3.2,29/05/2025,29,5,2025,1,https://www.autotrader.co.uk/car-details/202505292955948?sort=most-recent&searchId=3090e99f-62e0-4cc1-b3de-9e237aef0765&advertising-location=at_cars&make=&model=&page=18&postcode=BB7%203BB&fromsra
 ,£79990,2004,28000,3.6,29/05/2025,29,5,2025,1,https://www.autotrader.co.uk/car-details/202505292955936?sort=most-recent&searchId=3090e99f-62e0-4cc1-b3de-9e237aef0765&advertising-location=at_cars&make=&model=&page=18&postcode=BB7%203BB&fromsra
 ,£3230,2015,88608,1.5,29/05/2025,29,5,2025,1,https://www.autotrader.co.uk/car-details/202505292955935?sort=most-recent&searchId=3090e99f-62e0-4cc1-b3de-9e237aef0765&advertising-location=at_cars&make=&model=&page=18&postcode=BB7%203BB&fromsra
 ,£4895,2014,104172,1.8,29/05/2025,29,5,2025,1,https://www.autotrader.co.uk/car-details/202505292955931?sort=most-recent&searchId=3090e99f-62e0-4cc1-b3de-9e237aef0765&advertising-location=at_cars&make=&model=&page=18&postcode=BB7%203BB&fromsra
 ,£6795,2016,83462,2.0,29/05/2025,29,5,2025,1,https://www.autotrader.co.uk/car-details/202505292955930?sort=most-recent&searchId=3090e99f-62e0-4cc1-b3de-9e237aef0765&advertising-location=at_cars&make=&model=&page=18&postcode=BB7%203BB&fromsra
 ,£6400,2014,158000,,29/05/2025,29,5,2025,1,https://www.autotrader.co.uk/car-details/202505292955929?sort=most-recent&searchId=3090e99f-62e0-4cc1-b3de-9e237aef0765&advertising-location=at_cars&make=&model=&page=18&postcode=BB7%203BB&fromsra
 ,£15990,2021,19482,1.0,29/05/2025,29,5,2025,1,https://www.autotrader.co.uk/car-details/202505292955914?sort=most-recent&searchId=3090e99f-62e0-4cc1-b3de-9e237aef0765&advertising-location=at_cars&make=&model=&page=18&postcode=BB7%203BB&fromsra
 ,£9750,2015,74260,2.4,29/05/2025,29,5,2025,1,https://www.autotrader.co.uk/car-details/202505292955911?sort=most-recent&searchId=3090e99f-62e0-4cc1-b3de-9e237aef0765&advertising-location=at_cars&make=&model=&page=18&postcode=BB7%203BB&fromsra
 ,£15950,2015,75000,3.5,29/05/2025,29,5,2025,1,https://www.autotrader.co.uk/car-details/202505292955910?sort=most-recent&searchId=3090e99f-62e0-4cc1-b3de-9e237aef0765&advertising-location=at_cars&make=&model=&page=18&postcode=BB7%203BB&fromsra
 ,£5000,2020,29000,1.0,29/05/2025,29,5,2025,1,https://www.autotrader.co.uk/car-details/202505292955903?sort=most-recent&searchId=3090e99f-62e0-4cc1-b3de-9e237aef0765&advertising-location=at_cars&make=&model=&page=18&postcode=BB7%203BB&fromsra
 ,£16990,2014,96000,4.4,29/05/2025,29,5,2025,1,https://www.autotrader.co.uk/car-details/202505292955874?sort=most-recent&searchId=3090e99f-62e0-4cc1-b3de-9e237aef0765&advertising-location=at_cars&make=&model=&page=18&postcode=BB7%203BB&fromsra
 ,£3990,2026,92533,1.5,29/05/2025,29,5,2025,1,https://www.autotrader.co.uk/car-details/202505292955873?sort=most-recent&searchId=3090e99f-62e0-4cc1-b3de-9e237aef0765&advertising-location=at_cars&make=&model=&page=18&postcode=BB7%203BB&fromsra
 ,£29990,2018,35128,3.0,29/05/2025,29,5,2025,1,https://www.autotrader.co.uk/car-details/202505292955869?sort=most-recent&searchId=3090e99f-62e0-4cc1-b3de-9e237aef0765&advertising-location=at_cars&make=&model=&page=18&postcode=BB7%203BB&fromsra
 ,£1420,2013,74000,1.2,29/05/2025,29,5,2025,1,https://www.autotrader.co.uk/car-details/202505292955868?sort=most-recent&searchId=3090e99f-62e0-4cc1-b3de-9e237aef0765&advertising-location=at_cars&make=&model=&page=18&postcode=BB7%203BB&fromsra
 ,£10995,2016,28129,1.2,29/05/2025,29,5,2025,1,https://www.autotrader.co.uk/car-details/202505292955865?sort=most-recent&searchId=3090e99f-62e0-4cc1-b3de-9e237aef0765&advertising-location=at_cars&make=&model=&page=18&postcode=BB7%203BB&fromsra
 ,£4000,2012,86000,1.6,29/05/2025,29,5,2025,1,https://www.autotrader.co.uk/car-details/202505292955862?sort=most-recent&searchId=3090e99f-62e0-4cc1-b3de-9e237aef0765&advertising-location=at_cars&make=&model=&page=18&postcode=BB7%203BB&fromsra
 ,£2395,2013,97225,1.4,29/05/2025,29,5,2025,1,https://www.autotrader.co.uk/car-details/202505292955861?sort=most-recent&searchId=3090e99f-62e0-4cc1-b3de-9e237aef0765&advertising-location=at_cars&make=&model=&page=18&postcode=BB7%203BB&fromsra
 ,£14990,2009,78000,2.9,29/05/2025,29,5,2025,1,https://www.autotrader.co.uk/car-details/202505292955858?sort=most-recent&searchId=3090e99f-62e0-4cc1-b3de-9e237aef0765&advertising-location=at_cars&make=&model=&page=18&postcode=BB7%203BB&fromsra
 ,£12995,2017,51870,1.7,29/05/2025,29,5,2025,1,https://www.autotrader.co.uk/car-details/202505292955854?sort=most-recent&searchId=3090e99f-62e0-4cc1-b3de-9e237aef0765&advertising-location=at_cars&make=&model=&page=18&postcode=BB7%203BB&fromsra
 ,£2950,2009,83227,1.6,29/05/2025,29,5,2025,1,https://www.autotrader.co.uk/car-details/202505292955852?sort=most-recent&searchId=3090e99f-62e0-4cc1-b3de-9e237aef0765&advertising-location=at_cars&make=&model=&page=18&postcode=BB7%203BB&fromsra
 ,£25000,2019,16000,2.0,29/05/2025,29,5,2025,1,https://www.autotrader.co.uk/car-details/202505292955850?sort=most-recent&searchId=3090e99f-62e0-4cc1-b3de-9e237aef0765&advertising-location=at_cars&make=&model=&page=18&postcode=BB7%203BB&fromsra
 ,£6995,2008,105000,2.5,29/05/2025,29,5,2025,1,https://www.autotrader.co.uk/car-details/202505292955848?sort=most-recent&searchId=3090e99f-62e0-4cc1-b3de-9e237aef0765&advertising-location=at_cars&make=&model=&page=18&postcode=BB7%203BB&fromsra
 ,£5450,2015,59760,1.6,29/05/2025,29,5,2025,1,https://www.autotrader.co.uk/car-details/202505292955847?sort=most-recent&searchId=3090e99f-62e0-4cc1-b3de-9e237aef0765&advertising-location=at_cars&make=&model=&page=18&postcode=BB7%203BB&fromsra
 ,£11499,2019,35748,1.5,29/05/2025,29,5,2025,1,https://www.autotrader.co.uk/car-details/202505292955825?sort=most-recent&twcs=true&searchId=3090e99f-62e0-4cc1-b3de-9e237aef0765&advertising-location=at_cars&make=&model=&page=18&postcode=BB7%203BB&fromsra
 ,£7285,2014,22000,1.4,29/05/2025,29,5,2025,1,https://www.autotrader.co.uk/car-details/202505292955821?sort=most-recent&searchId=3090e99f-62e0-4cc1-b3de-9e237aef0765&advertising-location=at_cars&make=&model=&page=18&postcode=BB7%203BB&fromsra
 ,£11499,2017,57550,2.0,29/05/2025,29,5,2025,1,https://www.autotrader.co.uk/car-details/202505292955818?sort=most-recent&searchId=3090e99f-62e0-4cc1-b3de-9e237aef0765&advertising-location=at_cars&make=&model=&page=18&postcode=BB7%203BB&fromsra
 ,£12890,2019,46000,1.5,29/05/2025,29,5,2025,1,https://www.autotrader.co.uk/car-details/202505292955809?sort=most-recent&searchId=3090e99f-62e0-4cc1-b3de-9e237aef0765&advertising-location=at_cars&make=&model=&page=18&postcode=BB7%203BB&fromsra
 ,£5500,2017,75318,1.4,29/05/2025,29,5,2025,1,https://www.autotrader.co.uk/car-details/202505292955804?sort=most-recent&searchId=3090e99f-62e0-4cc1-b3de-9e237aef0765&advertising-location=at_cars&make=&model=&page=18&postcode=BB7%203BB&fromsra
 ,£23990,2020,57900,2.0,29/05/2025,29,5,2025,1,https://www.autotrader.co.uk/car-details/202505292955801?sort=most-recent&searchId=3090e99f-62e0-4cc1-b3de-9e237aef0765&advertising-location=at_cars&make=&model=&page=18&postcode=BB7%203BB&fromsra
 ,£35000,2012,82000,1.25,29/05/2025,29,5,2025,1,https://www.autotrader.co.uk/car-details/202505292955794?sort=most-recent&searchId=3090e99f-62e0-4cc1-b3de-9e237aef0765&advertising-location=at_cars&make=&model=&page=18&postcode=BB7%203BB&fromsra
 ,£4250,2013,177000,2.0,29/05/2025,29,5,2025,1,https://www.autotrader.co.uk/car-details/202505292955793?sort=most-recent&searchId=3090e99f-62e0-4cc1-b3de-9e237aef0765&advertising-location=at_cars&make=&model=&page=18&postcode=BB7%203BB&fromsra
 ,£38370,2022,26840,2.0,29/05/2025,29,5,2025,1,https://www.autotrader.co.uk/car-details/202505292955790?sort=most-recent&searchId=3090e99f-62e0-4cc1-b3de-9e237aef0765&advertising-location=at_cars&make=&model=&page=18&postcode=BB7%203BB&fromsra
 ,£8885,2017,147000,1.6,29/05/2025,29,5,2025,1,https://www.autotrader.co.uk/car-details/202505292955786?sort=most-recent&searchId=3090e99f-62e0-4cc1-b3de-9e237aef0765&advertising-location=at_cars&make=&model=&page=18&postcode=BB7%203BB&fromsra
 ,£33500,2020,74526,2.0,29/05/2025,29,5,2025,1,https://www.autotrader.co.uk/car-details/202505292955780?sort=most-recent&searchId=3090e99f-62e0-4cc1-b3de-9e237aef0765&advertising-location=at_cars&make=&model=&page=18&postcode=BB7%203BB&fromsra
 ,£27960,2021,48377,2.0,29/05/2025,29,5,2025,1,https://www.autotrader.co.uk/car-details/202505292955778?sort=most-recent&searchId=3090e99f-62e0-4cc1-b3de-9e237aef0765&advertising-location=at_cars&make=&model=&page=18&postcode=BB7%203BB&fromsra
 ,£6995,2017,80375,1.0,29/05/2025,29,5,2025,1,https://www.autotrader.co.uk/car-details/202505292955771?sort=most-recent&searchId=3090e99f-62e0-4cc1-b3de-9e237aef0765&advertising-location=at_cars&make=&model=&page=18&postcode=BB7%203BB&fromsra
 ,£4799,2010,126000,1.8,29/05/2025,29,5,2025,1,https://www.autotrader.co.uk/car-details/202505292955705?sort=most-recent&searchId=3090e99f-62e0-4cc1-b3de-9e237aef0765&advertising-location=at_cars&make=&model=&page=18&postcode=BB7%203BB&fromsra
 ,£2499,2008,73629,1.6,29/05/2025,29,5,2025,1,https://www.autotrader.co.uk/car-details/202505292955702?sort=most-recent&searchId=3090e99f-62e0-4cc1-b3de-9e237aef0765&advertising-location=at_cars&make=&model=&page=18&postcode=BB7%203BB&fromsra
 ,£18500,2019,33000,2.0,29/05/2025,29,5,2025,1,https://www.autotrader.co.uk/car-details/202505292955693?sort=most-recent&searchId=3090e99f-62e0-4cc1-b3de-9e237aef0765&advertising-location=at_cars&make=&model=&page=18&postcode=BB7%203BB&fromsra
 ,£3995,2014,62231,1.6,29/05/2025,29,5,2025,1,https://www.autotrader.co.uk/car-details/202505292955684?sort=most-recent&searchId=3090e99f-62e0-4cc1-b3de-9e237aef0765&advertising-location=at_cars&make=&model=&page=18&postcode=BB7%203BB&fromsra
 ,£1895,2003,121728,1.6,29/05/2025,29,5,2025,1,https://www.autotrader.co.uk/car-details/202505292955682?sort=most-recent&searchId=3090e99f-62e0-4cc1-b3de-9e237aef0765&advertising-location=at_cars&make=&model=&page=18&postcode=BB7%203BB&fromsra
 ,£7480,2015,29000,1.3,29/05/2025,29,5,2025,1,https://www.autotrader.co.uk/car-details/202505292955672?sort=most-recent&searchId=3090e99f-62e0-4cc1-b3de-9e237aef0765&advertising-location=at_cars&make=&model=&page=18&postcode=BB7%203BB&fromsra
 ,£2799,2008,66250,1.6,29/05/2025,29,5,2025,1,https://www.autotrader.co.uk/car-details/202505292955669?sort=most-recent&searchId=3090e99f-62e0-4cc1-b3de-9e237aef0765&advertising-location=at_cars&make=&model=&page=18&postcode=BB7%203BB&fromsra
 ,£10199,2021,54500,,29/05/2025,29,5,2025,1,https://www.autotrader.co.uk/car-details/202505292955658?sort=most-recent&searchId=3090e99f-62e0-4cc1-b3de-9e237aef0765&advertising-location=at_cars&make=&model=&page=18&postcode=BB7%203BB&fromsra
 ,£7550,2017,50000,1.4,29/05/2025,29,5,2025,1,https://www.autotrader.co.uk/car-details/202505292955643?sort=most-recent&searchId=3090e99f-62e0-4cc1-b3de-9e237aef0765&advertising-location=at_cars&make=&model=&page=18&postcode=BB7%203BB&fromsra
 ,£12181,2022,47353,1.3,17/04/2025,17,4,2025,43,https://www.autotrader.co.uk/car-details/202504171457321?journey=FEATURED_LISTING_JOURNEY&sort=most-recent&searchId=3090e99f-62e0-4cc1-b3de-9e237aef0765&advertising-location=at_cars&make=&model=&page=18&postcode=BB7%203BB&fromsra
 ,£4550,2012,150000,2.0,29/05/2025,29,5,2025,1,https://www.autotrader.co.uk/car-details/202505292955641?sort=most-recent&searchId=3090e99f-62e0-4cc1-b3de-9e237aef0765&advertising-location=at_cars&make=&model=&page=18&postcode=BB7%203BB&fromsra
 ,£3450,2014,102500,1.6,29/05/2025,29,5,2025,1,https://www.autotrader.co.uk/car-details/202505292955613?sort=most-recent&twcs=true&searchId=3090e99f-62e0-4cc1-b3de-9e237aef0765&advertising-location=at_cars&make=&model=&page=18&postcode=BB7%203BB&fromsra
 ,£1795,2002,90000,1.4,29/05/2025,29,5,2025,1,https://www.autotrader.co.uk/car-details/202505292955611?sort=most-recent&searchId=3090e99f-62e0-4cc1-b3de-9e237aef0765&advertising-location=at_cars&make=&model=&page=18&postcode=BB7%203BB&fromsra
 ,£7900,2015,85000,2.0,29/05/2025,29,5,2025,1,https://www.autotrader.co.uk/car-details/202505292955602?sort=most-recent&searchId=3090e99f-62e0-4cc1-b3de-9e237aef0765&advertising-location=at_cars&make=&model=&page=18&postcode=BB7%203BB&fromsra
 ,£1495,2008,150000,1.4,29/05/2025,29,5,2025,1,https://www.autotrader.co.uk/car-details/202505292955601?sort=most-recent&searchId=3090e99f-62e0-4cc1-b3de-9e237aef0765&advertising-location=at_cars&make=&model=&page=18&postcode=BB7%203BB&fromsra
 ,£4799,2011,50352,1.6,29/05/2025,29,5,2025,1,https://www.autotrader.co.uk/car-details/202505292955578?sort=most-recent&searchId=3090e99f-62e0-4cc1-b3de-9e237aef0765&advertising-location=at_cars&make=&model=&page=18&postcode=BB7%203BB&fromsra
 ,£3500,2012,79000,1.25,29/05/2025,29,5,2025,1,https://www.autotrader.co.uk/car-details/202505292955573?sort=most-recent&searchId=3090e99f-62e0-4cc1-b3de-9e237aef0765&advertising-location=at_cars&make=&model=&page=18&postcode=BB7%203BB&fromsra
 ,£1995,2011,96083,1.6,29/05/2025,29,5,2025,1,https://www.autotrader.co.uk/car-details/202505292955567?sort=most-recent&searchId=3090e99f-62e0-4cc1-b3de-9e237aef0765&advertising-location=at_cars&make=&model=&page=18&postcode=BB7%203BB&fromsra
 ,£1795,2012,88000,1.4,29/05/2025,29,5,2025,1,https://www.autotrader.co.uk/car-details/202505292955545?sort=most-recent&searchId=3090e99f-62e0-4cc1-b3de-9e237aef0765&advertising-location=at_cars&make=&model=&page=18&postcode=BB7%203BB&fromsra
 ,£3495,2016,113345,1.6,29/05/2025,29,5,2025,1,https://www.autotrader.co.uk/car-details/202505292955543?sort=most-recent&searchId=3090e99f-62e0-4cc1-b3de-9e237aef0765&advertising-location=at_cars&make=&model=&page=18&postcode=BB7%203BB&fromsra
 ,£10772,2021,28977,1.2,06/05/2025,06,5,2025,24,https://www.autotrader.co.uk/car-details/202505062074530?journey=FEATURED_LISTING_JOURNEY&sort=most-recent&searchId=3090e99f-62e0-4cc1-b3de-9e237aef0765&advertising-location=at_cars&make=&model=&page=18&postcode=BB7%203BB&fromsra
 ,£4950,Brand New,63914,1.2,29/05/2025,29,5,2025,1,https://www.autotrader.co.uk/car-details/202505292955532?sort=most-recent&searchId=3090e99f-62e0-4cc1-b3de-9e237aef0765&advertising-location=at_cars&make=&model=&page=18&postcode=BB7%203BB&fromsra
 ,£2495,2015,59987,1.2,29/05/2025,29,5,2025,1,https://www.autotrader.co.uk/car-details/202505292955530?sort=most-recent&searchId=3090e99f-62e0-4cc1-b3de-9e237aef0765&advertising-location=at_cars&make=&model=&page=18&postcode=BB7%203BB&fromsra
 ,£6000,2013,87000,2.0,29/05/2025,29,5,2025,1,https://www.autotrader.co.uk/car-details/202505292955522?sort=most-recent&searchId=3090e99f-62e0-4cc1-b3de-9e237aef0765&advertising-location=at_cars&make=&model=&page=18&postcode=BB7%203BB&fromsra
 ,£6699,2014,143000,2.0,29/05/2025,29,5,2025,1,https://www.autotrader.co.uk/car-details/202505292955518?sort=most-recent&searchId=3090e99f-62e0-4cc1-b3de-9e237aef0765&advertising-location=at_cars&make=&model=&page=18&postcode=BB7%203BB&fromsra
 ,£1995,2009,163000,2.0,29/05/2025,29,5,2025,1,https://www.autotrader.co.uk/car-details/202505292955517?sort=most-recent&searchId=3090e99f-62e0-4cc1-b3de-9e237aef0765&advertising-location=at_cars&make=&model=&page=18&postcode=BB7%203BB&fromsra
 ,£3493,2015,100000,1.2,29/05/2025,29,5,2025,1,https://www.autotrader.co.uk/car-details/202505292955508?sort=most-recent&searchId=3090e99f-62e0-4cc1-b3de-9e237aef0765&advertising-location=at_cars&make=&model=&page=18&postcode=BB7%203BB&fromsra
 ,£4790,2015,128762,1.4,29/05/2025,29,5,2025,1,https://www.autotrader.co.uk/car-details/202505292955507?sort=most-recent&searchId=3090e99f-62e0-4cc1-b3de-9e237aef0765&advertising-location=at_cars&make=&model=&page=18&postcode=BB7%203BB&fromsra
 ,£3890,2015,76900,1.6,29/05/2025,29,5,2025,1,https://www.autotrader.co.uk/car-details/202505292955504?sort=most-recent&searchId=3090e99f-62e0-4cc1-b3de-9e237aef0765&advertising-location=at_cars&make=&model=&page=18&postcode=BB7%203BB&fromsra
 ,£1795,2010,108000,1.7,29/05/2025,29,5,2025,1,https://www.autotrader.co.uk/car-details/202505292955503?sort=most-recent&searchId=3090e99f-62e0-4cc1-b3de-9e237aef0765&advertising-location=at_cars&make=&model=&page=18&postcode=BB7%203BB&fromsra
 ,£2899,2011,80000,1.25,29/05/2025,29,5,2025,1,https://www.autotrader.co.uk/car-details/202505292955501?sort=most-recent&searchId=3090e99f-62e0-4cc1-b3de-9e237aef0765&advertising-location=at_cars&make=&model=&page=18&postcode=BB7%203BB&fromsra
 ,£3490,2015,83500,1.25,29/05/2025,29,5,2025,1,https://www.autotrader.co.uk/car-details/202505292955475?sort=most-recent&searchId=3090e99f-62e0-4cc1-b3de-9e237aef0765&advertising-location=at_cars&make=&model=&page=18&postcode=BB7%203BB&fromsra
 ,£24000,2024,2100,1.4,29/05/2025,29,5,2025,1,https://www.autotrader.co.uk/car-details/202505292955472?sort=most-recent&searchId=3090e99f-62e0-4cc1-b3de-9e237aef0765&advertising-location=at_cars&make=&model=&page=18&postcode=BB7%203BB&fromsra
 ,£3300,2012,83000,1.0,29/05/2025,29,5,2025,1,https://www.autotrader.co.uk/car-details/202505292955471?sort=most-recent&searchId=3090e99f-62e0-4cc1-b3de-9e237aef0765&advertising-location=at_cars&make=&model=&page=18&postcode=BB7%203BB&fromsra
 ,£1495,2007,110000,1.6,29/05/2025,29,5,2025,1,https://www.autotrader.co.uk/car-details/202505292955469?sort=most-recent&searchId=3090e99f-62e0-4cc1-b3de-9e237aef0765&advertising-location=at_cars&make=&model=&page=18&postcode=BB7%203BB&fromsra
 ,£12950,2019,31500,1.6,29/05/2025,29,5,2025,1,https://www.autotrader.co.uk/car-details/202505292955467?sort=most-recent&searchId=3090e99f-62e0-4cc1-b3de-9e237aef0765&advertising-location=at_cars&make=&model=&page=18&postcode=BB7%203BB&fromsra
 ,£3995,2012,103713,1.6,29/05/2025,29,5,2025,1,https://www.autotrader.co.uk/car-details/202505292955464?sort=most-recent&searchId=3090e99f-62e0-4cc1-b3de-9e237aef0765&advertising-location=at_cars&make=&model=&page=18&postcode=BB7%203BB&fromsra
 ,£1495,2005,139057,1.6,29/05/2025,29,5,2025,1,https://www.autotrader.co.uk/car-details/202505292955461?sort=most-recent&searchId=3090e99f-62e0-4cc1-b3de-9e237aef0765&advertising-location=at_cars&make=&model=&page=18&postcode=BB7%203BB&fromsra
 ,£6750,2018,109850,1.5,29/05/2025,29,5,2025,1,https://www.autotrader.co.uk/car-details/202505292955456?sort=most-recent&searchId=3090e99f-62e0-4cc1-b3de-9e237aef0765&advertising-location=at_cars&make=&model=&page=18&postcode=BB7%203BB&fromsra
 ,£6999,2015,120229,2.1,29/05/2025,29,5,2025,1,https://www.autotrader.co.uk/car-details/202505292955452?sort=most-recent&searchId=3090e99f-62e0-4cc1-b3de-9e237aef0765&advertising-location=at_cars&make=&model=&page=18&postcode=BB7%203BB&fromsra
 ,£12794,2022,10499,1.0,29/05/2025,29,5,2025,1,https://www.autotrader.co.uk/car-details/202505292955430?sort=most-recent&searchId=3090e99f-62e0-4cc1-b3de-9e237aef0765&advertising-location=at_cars&make=&model=&page=18&postcode=BB7%203BB&fromsra
 ,£36093,2024,1209,,29/05/2025,29,5,2025,1,https://www.autotrader.co.uk/car-details/202505292955428?sort=most-recent&searchId=3090e99f-62e0-4cc1-b3de-9e237aef0765&advertising-location=at_cars&make=&model=&page=18&postcode=BB7%203BB&fromsra
 ,£35094,2024,2559,2.5,29/05/2025,29,5,2025,1,https://www.autotrader.co.uk/car-details/202505292955417?sort=most-recent&searchId=3090e99f-62e0-4cc1-b3de-9e237aef0765&advertising-location=at_cars&make=&model=&page=18&postcode=BB7%203BB&fromsra
 ,£10995,2016,79800,2.0,29/05/2025,29,5,2025,1,https://www.autotrader.co.uk/car-details/202505292955401?sort=most-recent&searchId=3090e99f-62e0-4cc1-b3de-9e237aef0765&advertising-location=at_cars&make=&model=&page=18&postcode=BB7%203BB&fromsra
 ,£43093,2024,1293,,29/05/2025,29,5,2025,1,https://www.autotrader.co.uk/car-details/202505292955399?sort=most-recent&searchId=3090e99f-62e0-4cc1-b3de-9e237aef0765&advertising-location=at_cars&make=&model=&page=18&postcode=BB7%203BB&fromsra
 ,£15549,2022,16306,1.0,29/05/2025,29,5,2025,1,https://www.autotrader.co.uk/car-details/202505292955396?sort=most-recent&searchId=3090e99f-62e0-4cc1-b3de-9e237aef0765&advertising-location=at_cars&make=&model=&page=18&postcode=BB7%203BB&fromsra
 ,£17899,2022,23754,1.0,29/05/2025,29,5,2025,1,https://www.autotrader.co.uk/car-details/202505292955394?sort=most-recent&searchId=3090e99f-62e0-4cc1-b3de-9e237aef0765&advertising-location=at_cars&make=&model=&page=18&postcode=BB7%203BB&fromsra
 ,£19294,2022,21323,1.0,29/05/2025,29,5,2025,1,https://www.autotrader.co.uk/car-details/202505292955392?sort=most-recent&searchId=3090e99f-62e0-4cc1-b3de-9e237aef0765&advertising-location=at_cars&make=&model=&page=18&postcode=BB7%203BB&fromsra
 ,£17644,2022,12486,1.0,29/05/2025,29,5,2025,1,https://www.autotrader.co.uk/car-details/202505292955391?sort=most-recent&searchId=3090e99f-62e0-4cc1-b3de-9e237aef0765&advertising-location=at_cars&make=&model=&page=18&postcode=BB7%203BB&fromsra
 ,£17094,2022,14184,1.0,29/05/2025,29,5,2025,1,https://www.autotrader.co.uk/car-details/202505292955390?sort=most-recent&searchId=3090e99f-62e0-4cc1-b3de-9e237aef0765&advertising-location=at_cars&make=&model=&page=18&postcode=BB7%203BB&fromsra
 ,£15094,2023,18072,1.0,29/05/2025,29,5,2025,1,https://www.autotrader.co.uk/car-details/202505292955387?sort=most-recent&searchId=3090e99f-62e0-4cc1-b3de-9e237aef0765&advertising-location=at_cars&make=&model=&page=18&postcode=BB7%203BB&fromsra
 ,£19844,2019,23710,2.0,29/05/2025,29,5,2025,1,https://www.autotrader.co.uk/car-details/202505292955386?sort=most-recent&searchId=3090e99f-62e0-4cc1-b3de-9e237aef0765&advertising-location=at_cars&make=&model=&page=18&postcode=BB7%203BB&fromsra
 ,£24094,2023,13171,2.0,29/05/2025,29,5,2025,1,https://www.autotrader.co.uk/car-details/202505292955385?sort=most-recent&searchId=3090e99f-62e0-4cc1-b3de-9e237aef0765&advertising-location=at_cars&make=&model=&page=18&postcode=BB7%203BB&fromsra
 ,£5199,2016,65000,1.0,29/05/2025,29,5,2025,1,https://www.autotrader.co.uk/car-details/202505292955383?sort=most-recent&searchId=3090e99f-62e0-4cc1-b3de-9e237aef0765&advertising-location=at_cars&make=&model=&page=18&postcode=BB7%203BB&fromsra
 ,£6350,2012,33000,1.4,29/05/2025,29,5,2025,1,https://www.autotrader.co.uk/car-details/202505292955375?sort=most-recent&searchId=3090e99f-62e0-4cc1-b3de-9e237aef0765&advertising-location=at_cars&make=&model=&page=18&postcode=BB7%203BB&fromsra
 ,£3995,2010,10000,1.2,29/05/2025,29,5,2025,1,https://www.autotrader.co.uk/car-details/202505292955370?sort=most-recent&searchId=3090e99f-62e0-4cc1-b3de-9e237aef0765&advertising-location=at_cars&make=&model=&page=18&postcode=BB7%203BB&fromsra
 ,£15094,2021,20961,1.0,29/05/2025,29,5,2025,1,https://www.autotrader.co.uk/car-details/202505292955366?sort=most-recent&searchId=3090e99f-62e0-4cc1-b3de-9e237aef0765&advertising-location=at_cars&make=&model=&page=18&postcode=BB7%203BB&fromsra
 ,£6710,2017,76488,1.5,29/05/2025,29,5,2025,1,https://www.autotrader.co.uk/car-details/202505292955361?sort=most-recent&searchId=3090e99f-62e0-4cc1-b3de-9e237aef0765&advertising-location=at_cars&make=&model=&page=18&postcode=BB7%203BB&fromsra
 ,£975,2004,96099,1.0,29/05/2025,29,5,2025,1,https://www.autotrader.co.uk/car-details/202505292955359?sort=most-recent&searchId=3090e99f-62e0-4cc1-b3de-9e237aef0765&advertising-location=at_cars&make=&model=&page=18&postcode=BB7%203BB&fromsra
 ,£19094,2022,8582,1.0,29/05/2025,29,5,2025,1,https://www.autotrader.co.uk/car-details/202505292955357?sort=most-recent&searchId=3090e99f-62e0-4cc1-b3de-9e237aef0765&advertising-location=at_cars&make=&model=&page=18&postcode=BB7%203BB&fromsra
 ,£7875,2015,58800,2.0,29/05/2025,29,5,2025,1,https://www.autotrader.co.uk/car-details/202505292955354?sort=most-recent&searchId=3090e99f-62e0-4cc1-b3de-9e237aef0765&advertising-location=at_cars&make=&model=&page=18&postcode=BB7%203BB&fromsra
 ,£16699,2021,67909,2.5,29/05/2025,29,5,2025,1,https://www.autotrader.co.uk/car-details/202505292955353?sort=most-recent&searchId=3090e99f-62e0-4cc1-b3de-9e237aef0765&advertising-location=at_cars&make=&model=&page=18&postcode=BB7%203BB&fromsra
 ,£2989,2014,113000,2.0,29/05/2025,29,5,2025,1,https://www.autotrader.co.uk/car-details/202505292955352?sort=most-recent&searchId=3090e99f-62e0-4cc1-b3de-9e237aef0765&advertising-location=at_cars&make=&model=&page=18&postcode=BB7%203BB&fromsra
 ,£20094,2019,30177,2.3,29/05/2025,29,5,2025,1,https://www.autotrader.co.uk/car-details/202505292955350?sort=most-recent&searchId=3090e99f-62e0-4cc1-b3de-9e237aef0765&advertising-location=at_cars&make=&model=&page=18&postcode=BB7%203BB&fromsra
 ,£19349,2022,17578,1.5,29/05/2025,29,5,2025,1,https://www.autotrader.co.uk/car-details/202505292955348?sort=most-recent&searchId=3090e99f-62e0-4cc1-b3de-9e237aef0765&advertising-location=at_cars&make=&model=&page=18&postcode=BB7%203BB&fromsra
 ,£25594,2021,18609,,29/05/2025,29,5,2025,1,https://www.autotrader.co.uk/car-details/202505292955346?sort=most-recent&searchId=3090e99f-62e0-4cc1-b3de-9e237aef0765&advertising-location=at_cars&make=&model=&page=18&postcode=BB7%203BB&fromsra
 ,£8750,2024,30300,1.8,29/05/2025,29,5,2025,1,https://www.autotrader.co.uk/car-details/202505292955342?sort=most-recent&searchId=3090e99f-62e0-4cc1-b3de-9e237aef0765&advertising-location=at_cars&make=&model=&page=18&postcode=BB7%203BB&fromsra
 ,£4195,2015,107349,1.2,29/05/2025,29,5,2025,1,https://www.autotrader.co.uk/car-details/202505292955322?sort=most-recent&searchId=3090e99f-62e0-4cc1-b3de-9e237aef0765&advertising-location=at_cars&make=&model=&page=18&postcode=BB7%203BB&fromsra
 ,£2495,2012,135000,1.4,29/05/2025,29,5,2025,1,https://www.autotrader.co.uk/car-details/202505292955316?sort=most-recent&searchId=3090e99f-62e0-4cc1-b3de-9e237aef0765&advertising-location=at_cars&make=&model=&page=18&postcode=BB7%203BB&fromsra
 ,£3250,2012,82000,1.6,29/05/2025,29,5,2025,1,https://www.autotrader.co.uk/car-details/202505292955304?sort=most-recent&searchId=3090e99f-62e0-4cc1-b3de-9e237aef0765&advertising-location=at_cars&make=&model=&page=18&postcode=BB7%203BB&fromsra
 ,£3790,2015,73400,2.0,29/05/2025,29,5,2025,1,https://www.autotrader.co.uk/car-details/202505292955303?sort=most-recent&searchId=3090e99f-62e0-4cc1-b3de-9e237aef0765&advertising-location=at_cars&make=&model=&page=18&postcode=BB7%203BB&fromsra
 ,£21594,2020,13736,2.0,29/05/2025,29,5,2025,1,https://www.autotrader.co.uk/car-details/202505292955302?sort=most-recent&searchId=3090e99f-62e0-4cc1-b3de-9e237aef0765&advertising-location=at_cars&make=&model=&page=18&postcode=BB7%203BB&fromsra
 ,£21000,2016,44000,2.0,29/05/2025,29,5,2025,1,https://www.autotrader.co.uk/car-details/202505292955299?sort=most-recent&searchId=3090e99f-62e0-4cc1-b3de-9e237aef0765&advertising-location=at_cars&make=&model=&page=18&postcode=BB7%203BB&fromsra
 ,£17994,2022,9934,1.5,29/05/2025,29,5,2025,1,https://www.autotrader.co.uk/car-details/202505292955298?sort=most-recent&searchId=3090e99f-62e0-4cc1-b3de-9e237aef0765&advertising-location=at_cars&make=&model=&page=18&postcode=BB7%203BB&fromsra
 ,£40950,2019,40053,2.9,29/05/2025,29,5,2025,1,https://www.autotrader.co.uk/car-details/202505292955295?sort=most-recent&searchId=3090e99f-62e0-4cc1-b3de-9e237aef0765&advertising-location=at_cars&make=&model=&page=18&postcode=BB7%203BB&fromsra
 ,£15394,2019,44587,2.0,29/05/2025,29,5,2025,1,https://www.autotrader.co.uk/car-details/202505292955291?sort=most-recent&searchId=3090e99f-62e0-4cc1-b3de-9e237aef0765&advertising-location=at_cars&make=&model=&page=18&postcode=BB7%203BB&fromsra
 ,£11449,2019,23630,1.0,29/05/2025,29,5,2025,1,https://www.autotrader.co.uk/car-details/202505292955290?sort=most-recent&searchId=3090e99f-62e0-4cc1-b3de-9e237aef0765&advertising-location=at_cars&make=&model=&page=18&postcode=BB7%203BB&fromsra
 ,£5995,2013,75198,2.1,29/05/2025,29,5,2025,1,https://www.autotrader.co.uk/car-details/202505292955235?sort=most-recent&searchId=3090e99f-62e0-4cc1-b3de-9e237aef0765&advertising-location=at_cars&make=&model=&page=18&postcode=BB7%203BB&fromsra
 ,£13594,2020,84401,1.4,29/05/2025,29,5,2025,1,https://www.autotrader.co.uk/car-details/202505292955087?sort=most-recent&searchId=3090e99f-62e0-4cc1-b3de-9e237aef0765&advertising-location=at_cars&make=&model=&page=18&postcode=BB7%203BB&fromsra
 ,£28950,2015,61000,5.0,29/05/2025,29,5,2025,1,https://www.autotrader.co.uk/car-details/202505292955084?sort=most-recent&searchId=3090e99f-62e0-4cc1-b3de-9e237aef0765&advertising-location=at_cars&make=&model=&page=18&postcode=BB7%203BB&fromsra
 ,£18894,2019,52509,1.5,29/05/2025,29,5,2025,1,https://www.autotrader.co.uk/car-details/202505292955079?sort=most-recent&searchId=3090e99f-62e0-4cc1-b3de-9e237aef0765&advertising-location=at_cars&make=&model=&page=18&postcode=BB7%203BB&fromsra
 ,£1795,2011,102478,1.4,29/05/2025,29,5,2025,1,https://www.autotrader.co.uk/car-details/202505292955072?sort=most-recent&searchId=3090e99f-62e0-4cc1-b3de-9e237aef0765&advertising-location=at_cars&make=&model=&page=18&postcode=BB7%203BB&fromsra
 ,£14994,2022,32586,1.0,29/05/2025,29,5,2025,1,https://www.autotrader.co.uk/car-details/202505292955070?sort=most-recent&searchId=3090e99f-62e0-4cc1-b3de-9e237aef0765&advertising-location=at_cars&make=&model=&page=18&postcode=BB7%203BB&fromsra
 ,£4995,2016,74000,1.2,29/05/2025,29,5,2025,1,https://www.autotrader.co.uk/car-details/202505292955061?sort=most-recent&searchId=3090e99f-62e0-4cc1-b3de-9e237aef0765&advertising-location=at_cars&make=&model=&page=18&postcode=BB7%203BB&fromsra
 ,£15844,1915,48647,2.1,29/05/2025,29,5,2025,1,https://www.autotrader.co.uk/car-details/202505292955058?sort=most-recent&searchId=3090e99f-62e0-4cc1-b3de-9e237aef0765&advertising-location=at_cars&make=&model=&page=18&postcode=BB7%203BB&fromsra
 ,£14924,2018,44317,1.3,29/05/2025,29,5,2025,1,https://www.autotrader.co.uk/car-details/202505292955056?sort=most-recent&searchId=3090e99f-62e0-4cc1-b3de-9e237aef0765&advertising-location=at_cars&make=&model=&page=18&postcode=BB7%203BB&fromsra
 ,£12094,2018,17152,1.0,29/05/2025,29,5,2025,1,https://www.autotrader.co.uk/car-details/202505292955055?sort=most-recent&searchId=3090e99f-62e0-4cc1-b3de-9e237aef0765&advertising-location=at_cars&make=&model=&page=18&postcode=BB7%203BB&fromsra
 ,£7490,2019,38000,1.5,29/05/2025,29,5,2025,1,https://www.autotrader.co.uk/car-details/202505292955053?sort=most-recent&searchId=3090e99f-62e0-4cc1-b3de-9e237aef0765&advertising-location=at_cars&make=&model=&page=18&postcode=BB7%203BB&fromsra
 ,£14594,2018,42113,1.5,29/05/2025,29,5,2025,1,https://www.autotrader.co.uk/car-details/202505292955041?sort=most-recent&searchId=3090e99f-62e0-4cc1-b3de-9e237aef0765&advertising-location=at_cars&make=&model=&page=18&postcode=BB7%203BB&fromsra
 ,£3199,2011,99600,1.4,29/05/2025,29,5,2025,1,https://www.autotrader.co.uk/car-details/202505292955009?sort=most-recent&searchId=3090e99f-62e0-4cc1-b3de-9e237aef0765&advertising-location=at_cars&make=&model=&page=18&postcode=BB7%203BB&fromsra
 ,£6250,2006,116543,3.6,29/05/2025,29,5,2025,1,https://www.autotrader.co.uk/car-details/202505292954878?sort=most-recent&searchId=3090e99f-62e0-4cc1-b3de-9e237aef0765&advertising-location=at_cars&make=&model=&page=18&postcode=BB7%203BB&fromsra
 ,£7995,2017,88000,1.5,29/05/2025,29,5,2025,1,https://www.autotrader.co.uk/car-details/202505292954871?sort=most-recent&twcs=true&searchId=3090e99f-62e0-4cc1-b3de-9e237aef0765&advertising-location=at_cars&make=&model=&page=18&postcode=BB7%203BB&fromsra
 ,£1495,2007,97500,1.5,29/05/2025,29,5,2025,1,https://www.autotrader.co.uk/car-details/202505292954870?sort=most-recent&searchId=3090e99f-62e0-4cc1-b3de-9e237aef0765&advertising-location=at_cars&make=&model=&page=18&postcode=BB7%203BB&fromsra
 ,£10920,2015,57000,2.0,29/05/2025,29,5,2025,1,https://www.autotrader.co.uk/car-details/202505292954869?sort=most-recent&searchId=3090e99f-62e0-4cc1-b3de-9e237aef0765&advertising-location=at_cars&make=&model=&page=18&postcode=BB7%203BB&fromsra
 ,£5995,2019,37000,1.2,29/05/2025,29,5,2025,1,https://www.autotrader.co.uk/car-details/202505292954863?sort=most-recent&searchId=3090e99f-62e0-4cc1-b3de-9e237aef0765&advertising-location=at_cars&make=&model=&page=18&postcode=BB7%203BB&fromsra
 ,£21490,2020,44400,1.5,29/05/2025,29,5,2025,1,https://www.autotrader.co.uk/car-details/202505292954861?sort=most-recent&searchId=3090e99f-62e0-4cc1-b3de-9e237aef0765&advertising-location=at_cars&make=&model=&page=18&postcode=BB7%203BB&fromsra
 ,£11750,2019,93000,1.3,29/05/2025,29,5,2025,1,https://www.autotrader.co.uk/car-details/202505292954859?sort=most-recent&searchId=3090e99f-62e0-4cc1-b3de-9e237aef0765&advertising-location=at_cars&make=&model=&page=18&postcode=BB7%203BB&fromsra
 ,£8990,2016,84000,2.0,29/05/2025,29,5,2025,1,https://www.autotrader.co.uk/car-details/202505292954856?sort=most-recent&searchId=3090e99f-62e0-4cc1-b3de-9e237aef0765&advertising-location=at_cars&make=&model=&page=18&postcode=BB7%203BB&fromsra
 ,£22000,2018,44200,2.1,29/05/2025,29,5,2025,1,https://www.autotrader.co.uk/car-details/202505292954827?sort=most-recent&searchId=3090e99f-62e0-4cc1-b3de-9e237aef0765&advertising-location=at_cars&make=&model=&page=18&postcode=BB7%203BB&fromsra
 ,£3295,2011,81965,2.0,29/05/2025,29,5,2025,1,https://www.autotrader.co.uk/car-details/202505292954821?sort=most-recent&searchId=3090e99f-62e0-4cc1-b3de-9e237aef0765&advertising-location=at_cars&make=&model=&page=18&postcode=BB7%203BB&fromsra
 ,£2495,2010,89000,2.0,29/05/2025,29,5,2025,1,https://www.autotrader.co.uk/car-details/202505292954814?sort=most-recent&searchId=3090e99f-62e0-4cc1-b3de-9e237aef0765&advertising-location=at_cars&make=&model=&page=18&postcode=BB7%203BB&fromsra
 ,£21990,2021,112477,2.0,29/05/2025,29,5,2025,1,https://www.autotrader.co.uk/car-details/202505292954813?sort=most-recent&searchId=3090e99f-62e0-4cc1-b3de-9e237aef0765&advertising-location=at_cars&make=&model=&page=18&postcode=BB7%203BB&fromsra
 ,£1645,2012,113000,1.5,29/05/2025,29,5,2025,1,https://www.autotrader.co.uk/car-details/202505292954811?sort=most-recent&searchId=3090e99f-62e0-4cc1-b3de-9e237aef0765&advertising-location=at_cars&make=&model=&page=18&postcode=BB7%203BB&fromsra
 ,£3499,2012,104204,1.6,29/05/2025,29,5,2025,1,https://www.autotrader.co.uk/car-details/202505292954804?sort=most-recent&searchId=3090e99f-62e0-4cc1-b3de-9e237aef0765&advertising-location=at_cars&make=&model=&page=18&postcode=BB7%203BB&fromsra
 ,£1975,2011,79800,1.4,29/05/2025,29,5,2025,1,https://www.autotrader.co.uk/car-details/202505292954802?sort=most-recent&searchId=3090e99f-62e0-4cc1-b3de-9e237aef0765&advertising-location=at_cars&make=&model=&page=18&postcode=BB7%203BB&fromsra
 ,£5499,2007,52000,2.0,29/05/2025,29,5,2025,1,https://www.autotrader.co.uk/car-details/202505292954795?sort=most-recent&searchId=3090e99f-62e0-4cc1-b3de-9e237aef0765&advertising-location=at_cars&make=&model=&page=18&postcode=BB7%203BB&fromsra
 ,£21010,2022,16400,1.6,29/05/2025,29,5,2025,1,https://www.autotrader.co.uk/car-details/202505292954794?sort=most-recent&searchId=3090e99f-62e0-4cc1-b3de-9e237aef0765&advertising-location=at_cars&make=&model=&page=18&postcode=BB7%203BB&fromsra
 ,£16980,2020,45000,1.8,29/05/2025,29,5,2025,1,https://www.autotrader.co.uk/car-details/202505292954793?sort=most-recent&twcs=true&searchId=3090e99f-62e0-4cc1-b3de-9e237aef0765&advertising-location=at_cars&make=&model=&page=18&postcode=BB7%203BB&fromsra
 ,£5795,2021,29000,,29/05/2025,29,5,2025,1,https://www.autotrader.co.uk/car-details/202505292954790?sort=most-recent&searchId=3090e99f-62e0-4cc1-b3de-9e237aef0765&advertising-location=at_cars&make=&model=&page=18&postcode=BB7%203BB&fromsra
 ,£11999,2016,74534,2.0,29/05/2025,29,5,2025,1,https://www.autotrader.co.uk/car-details/202505292954778?sort=most-recent&twcs=true&searchId=3090e99f-62e0-4cc1-b3de-9e237aef0765&advertising-location=at_cars&make=&model=&page=18&postcode=BB7%203BB&fromsra
 ,£19699,2021,34081,1.5,29/05/2025,29,5,2025,1,https://www.autotrader.co.uk/car-details/202505292954777?sort=most-recent&twcs=true&searchId=3090e99f-62e0-4cc1-b3de-9e237aef0765&advertising-location=at_cars&make=&model=&page=18&postcode=BB7%203BB&fromsra
 ,£17995,2019,86700,2.0,29/05/2025,29,5,2025,1,https://www.autotrader.co.uk/car-details/202505292954775?sort=most-recent&searchId=3090e99f-62e0-4cc1-b3de-9e237aef0765&advertising-location=at_cars&make=&model=&page=18&postcode=BB7%203BB&fromsra
 ,£16450,2016,44500,2.0,29/05/2025,29,5,2025,1,https://www.autotrader.co.uk/car-details/202505292954772?sort=most-recent&searchId=3090e99f-62e0-4cc1-b3de-9e237aef0765&advertising-location=at_cars&make=&model=&page=18&postcode=BB7%203BB&fromsra
 ,£6450,2014,110319,2.0,29/05/2025,29,5,2025,1,https://www.autotrader.co.uk/car-details/202505292954766?sort=most-recent&searchId=3090e99f-62e0-4cc1-b3de-9e237aef0765&advertising-location=at_cars&make=&model=&page=18&postcode=BB7%203BB&fromsra
 ,£7900,2014,129000,2.0,29/05/2025,29,5,2025,1,https://www.autotrader.co.uk/car-details/202505292954765?sort=most-recent&twcs=true&searchId=3090e99f-62e0-4cc1-b3de-9e237aef0765&advertising-location=at_cars&make=&model=&page=18&postcode=BB7%203BB&fromsra
 ,£8795,2019,51000,1.0,29/05/2025,29,5,2025,1,https://www.autotrader.co.uk/car-details/202505292954764?sort=most-recent&searchId=3090e99f-62e0-4cc1-b3de-9e237aef0765&advertising-location=at_cars&make=&model=&page=18&postcode=BB7%203BB&fromsra
 ,£4650,2014,128402,2.1,29/05/2025,29,5,2025,1,https://www.autotrader.co.uk/car-details/202505292954763?sort=most-recent&searchId=3090e99f-62e0-4cc1-b3de-9e237aef0765&advertising-location=at_cars&make=&model=&page=18&postcode=BB7%203BB&fromsra
 ,£1995,2004,128000,3.2,29/05/2025,29,5,2025,1,https://www.autotrader.co.uk/car-details/202505292954750?sort=most-recent&searchId=3090e99f-62e0-4cc1-b3de-9e237aef0765&advertising-location=at_cars&make=&model=&page=18&postcode=BB7%203BB&fromsra
 ,£5995,2014,96954,2.0,29/05/2025,29,5,2025,1,https://www.autotrader.co.uk/car-details/202505292954739?sort=most-recent&searchId=3090e99f-62e0-4cc1-b3de-9e237aef0765&advertising-location=at_cars&make=&model=&page=18&postcode=BB7%203BB&fromsra
 ,£6495,2018,39028,1.0,29/05/2025,29,5,2025,1,https://www.autotrader.co.uk/car-details/202505292954727?sort=most-recent&twcs=true&searchId=3090e99f-62e0-4cc1-b3de-9e237aef0765&advertising-location=at_cars&make=&model=&page=18&postcode=BB7%203BB&fromsra
 ,£11990,2016,93000,2.0,29/05/2025,29,5,2025,1,https://www.autotrader.co.uk/car-details/202505292954724?sort=most-recent&searchId=3090e99f-62e0-4cc1-b3de-9e237aef0765&advertising-location=at_cars&make=&model=&page=18&postcode=BB7%203BB&fromsra
 ,£5850,2013,152000,3.0,29/05/2025,29,5,2025,1,https://www.autotrader.co.uk/car-details/202505292954723?sort=most-recent&searchId=3090e99f-62e0-4cc1-b3de-9e237aef0765&advertising-location=at_cars&make=&model=&page=18&postcode=BB7%203BB&fromsra
 ,£11995,2015,83500,3.0,29/05/2025,29,5,2025,1,https://www.autotrader.co.uk/car-details/202505292954705?sort=most-recent&searchId=3090e99f-62e0-4cc1-b3de-9e237aef0765&advertising-location=at_cars&make=&model=&page=18&postcode=BB7%203BB&fromsra
 ,£6495,2018,89000,1.5,29/05/2025,29,5,2025,1,https://www.autotrader.co.uk/car-details/202505292954704?sort=most-recent&searchId=3090e99f-62e0-4cc1-b3de-9e237aef0765&advertising-location=at_cars&make=&model=&page=18&postcode=BB7%203BB&fromsra
 ,£11000,2018,77000,1.5,29/05/2025,29,5,2025,1,https://www.autotrader.co.uk/car-details/202505292954702?sort=most-recent&searchId=3090e99f-62e0-4cc1-b3de-9e237aef0765&advertising-location=at_cars&make=&model=&page=18&postcode=BB7%203BB&fromsra
 ,£15694,2022,26480,1.3,29/05/2025,29,5,2025,1,https://www.autotrader.co.uk/car-details/202505292954701?sort=most-recent&searchId=3090e99f-62e0-4cc1-b3de-9e237aef0765&advertising-location=at_cars&make=&model=&page=18&postcode=BB7%203BB&fromsra
 ,£6995,2020,44000,1.0,29/05/2025,29,5,2025,1,https://www.autotrader.co.uk/car-details/202505292954697?sort=most-recent&searchId=3090e99f-62e0-4cc1-b3de-9e237aef0765&advertising-location=at_cars&make=&model=&page=18&postcode=BB7%203BB&fromsra
 ,£1695,2012,103000,1.2,29/05/2025,29,5,2025,1,https://www.autotrader.co.uk/car-details/202505292954693?sort=most-recent&searchId=3090e99f-62e0-4cc1-b3de-9e237aef0765&advertising-location=at_cars&make=&model=&page=18&postcode=BB7%203BB&fromsra
 ,£1495,2007,100977,1.5,29/05/2025,29,5,2025,1,https://www.autotrader.co.uk/car-details/202505292954692?sort=most-recent&searchId=3090e99f-62e0-4cc1-b3de-9e237aef0765&advertising-location=at_cars&make=&model=&page=18&postcode=BB7%203BB&fromsra
 ,£6495,2014,68068,1.2,29/05/2025,29,5,2025,1,https://www.autotrader.co.uk/car-details/202505292954689?sort=most-recent&searchId=3090e99f-62e0-4cc1-b3de-9e237aef0765&advertising-location=at_cars&make=&model=&page=18&postcode=BB7%203BB&fromsra
 ,£17094,2021,21105,1.3,29/05/2025,29,5,2025,1,https://www.autotrader.co.uk/car-details/202505292954687?sort=most-recent&searchId=3090e99f-62e0-4cc1-b3de-9e237aef0765&advertising-location=at_cars&make=&model=&page=18&postcode=BB7%203BB&fromsra
 ,£14844,2021,34721,1.0,29/05/2025,29,5,2025,1,https://www.autotrader.co.uk/car-details/202505292954686?sort=most-recent&searchId=3090e99f-62e0-4cc1-b3de-9e237aef0765&advertising-location=at_cars&make=&model=&page=18&postcode=BB7%203BB&fromsra
 ,£13694,2017,39000,2.0,29/05/2025,29,5,2025,1,https://www.autotrader.co.uk/car-details/202505292954680?sort=most-recent&searchId=3090e99f-62e0-4cc1-b3de-9e237aef0765&advertising-location=at_cars&make=&model=&page=18&postcode=BB7%203BB&fromsra
 ,£9895,1996,115514,2.3,29/05/2025,29,5,2025,1,https://www.autotrader.co.uk/car-details/202505292954678?sort=most-recent&searchId=3090e99f-62e0-4cc1-b3de-9e237aef0765&advertising-location=at_cars&make=&model=&page=18&postcode=BB7%203BB&fromsra
 ,£25600,2022,19300,2.0,29/05/2025,29,5,2025,1,https://www.autotrader.co.uk/car-details/202505292954677?sort=most-recent&searchId=3090e99f-62e0-4cc1-b3de-9e237aef0765&advertising-location=at_cars&make=&model=&page=18&postcode=BB7%203BB&fromsra
 ,£4995,2008,100000,2.5,29/05/2025,29,5,2025,1,https://www.autotrader.co.uk/car-details/202505292954676?sort=most-recent&searchId=3090e99f-62e0-4cc1-b3de-9e237aef0765&advertising-location=at_cars&make=&model=&page=18&postcode=BB7%203BB&fromsra
 ,£1998,2012,98000,1.2,29/05/2025,29,5,2025,1,https://www.autotrader.co.uk/car-details/202505292954673?sort=most-recent&searchId=3090e99f-62e0-4cc1-b3de-9e237aef0765&advertising-location=at_cars&make=&model=&page=18&postcode=BB7%203BB&fromsra
 ,£7395,2014,69350,1.5,29/05/2025,29,5,2025,1,https://www.autotrader.co.uk/car-details/202505292954648?sort=most-recent&searchId=3090e99f-62e0-4cc1-b3de-9e237aef0765&advertising-location=at_cars&make=&model=&page=18&postcode=BB7%203BB&fromsra
 ,£17500,2022,34600,1.5,29/05/2025,29,5,2025,1,https://www.autotrader.co.uk/car-details/202505292954647?sort=most-recent&searchId=3090e99f-62e0-4cc1-b3de-9e237aef0765&advertising-location=at_cars&make=&model=&page=18&postcode=BB7%203BB&fromsra
 ,£7495,2008,70000,1.6,29/05/2025,29,5,2025,1,https://www.autotrader.co.uk/car-details/202505292954641?sort=most-recent&searchId=3090e99f-62e0-4cc1-b3de-9e237aef0765&advertising-location=at_cars&make=&model=&page=18&postcode=BB7%203BB&fromsra
 ,£11094,2015,65066,2.0,29/05/2025,29,5,2025,1,https://www.autotrader.co.uk/car-details/202505292954635?sort=most-recent&searchId=3090e99f-62e0-4cc1-b3de-9e237aef0765&advertising-location=at_cars&make=&model=&page=18&postcode=BB7%203BB&fromsra
 ,£29995,2020,15000,2.0,29/05/2025,29,5,2025,1,https://www.autotrader.co.uk/car-details/202505292954634?sort=most-recent&searchId=3090e99f-62e0-4cc1-b3de-9e237aef0765&advertising-location=at_cars&make=&model=&page=18&postcode=BB7%203BB&fromsra
 ,£7990,2013,59000,1.4,29/05/2025,29,5,2025,1,https://www.autotrader.co.uk/car-details/202505292954632?sort=most-recent&searchId=3090e99f-62e0-4cc1-b3de-9e237aef0765&advertising-location=at_cars&make=&model=&page=18&postcode=BB7%203BB&fromsra
 ,£2100,2011,122000,2.0,29/05/2025,29,5,2025,1,https://www.autotrader.co.uk/car-details/202505292954629?sort=most-recent&searchId=3090e99f-62e0-4cc1-b3de-9e237aef0765&advertising-location=at_cars&make=&model=&page=18&postcode=BB7%203BB&fromsra
 ,£29995,2010,56792,6.0,29/05/2025,29,5,2025,1,https://www.autotrader.co.uk/car-details/202505292954626?sort=most-recent&searchId=3090e99f-62e0-4cc1-b3de-9e237aef0765&advertising-location=at_cars&make=&model=&page=18&postcode=BB7%203BB&fromsra
 ,£2300,2009,214000,2.0,29/05/2025,29,5,2025,1,https://www.autotrader.co.uk/car-details/202505292954624?sort=most-recent&searchId=3090e99f-62e0-4cc1-b3de-9e237aef0765&advertising-location=at_cars&make=&model=&page=18&postcode=BB7%203BB&fromsra
 ,£3995,2009,63300,1.4,29/05/2025,29,5,2025,1,https://www.autotrader.co.uk/car-details/202505292954623?sort=most-recent&searchId=3090e99f-62e0-4cc1-b3de-9e237aef0765&advertising-location=at_cars&make=&model=&page=18&postcode=BB7%203BB&fromsra
 ,£2695,2006,58210,1.4,29/05/2025,29,5,2025,1,https://www.autotrader.co.uk/car-details/202505292954622?sort=most-recent&searchId=3090e99f-62e0-4cc1-b3de-9e237aef0765&advertising-location=at_cars&make=&model=&page=18&postcode=BB7%203BB&fromsra
 ,£800,2003,130674,1.4,29/05/2025,29,5,2025,1,https://www.autotrader.co.uk/car-details/202505292954617?sort=most-recent&searchId=3090e99f-62e0-4cc1-b3de-9e237aef0765&advertising-location=at_cars&make=&model=&page=18&postcode=BB7%203BB&fromsra
 ,£17995,2015,77801,3.0,29/05/2025,29,5,2025,1,https://www.autotrader.co.uk/car-details/202505292954615?sort=most-recent&searchId=3090e99f-62e0-4cc1-b3de-9e237aef0765&advertising-location=at_cars&make=&model=&page=18&postcode=BB7%203BB&fromsra
 ,£825,2008,43451,1.25,29/05/2025,29,5,2025,1,https://www.autotrader.co.uk/car-details/202505292954561?sort=most-recent&searchId=3090e99f-62e0-4cc1-b3de-9e237aef0765&advertising-location=at_cars&make=&model=&page=18&postcode=BB7%203BB&fromsra
 ,£9495,2015,109980,2.0,29/05/2025,29,5,2025,1,https://www.autotrader.co.uk/car-details/202505292954560?sort=most-recent&searchId=3090e99f-62e0-4cc1-b3de-9e237aef0765&advertising-location=at_cars&make=&model=&page=18&postcode=BB7%203BB&fromsra
 ,£990,2007,112000,1.2,29/05/2025,29,5,2025,1,https://www.autotrader.co.uk/car-details/202505292954557?sort=most-recent&searchId=3090e99f-62e0-4cc1-b3de-9e237aef0765&advertising-location=at_cars&make=&model=&page=18&postcode=BB7%203BB&fromsra
 ,£6495,2010,101000,1.8,29/05/2025,29,5,2025,1,https://www.autotrader.co.uk/car-details/202505292954556?sort=most-recent&searchId=3090e99f-62e0-4cc1-b3de-9e237aef0765&advertising-location=at_cars&make=&model=&page=18&postcode=BB7%203BB&fromsra
 ,£5895,2016,71000,1.0,29/05/2025,29,5,2025,1,https://www.autotrader.co.uk/car-details/202505292954555?sort=most-recent&searchId=3090e99f-62e0-4cc1-b3de-9e237aef0765&advertising-location=at_cars&make=&model=&page=18&postcode=BB7%203BB&fromsra
 ,£2400,2009,80100,1.6,29/05/2025,29,5,2025,1,https://www.autotrader.co.uk/car-details/202505292954554?sort=most-recent&searchId=3090e99f-62e0-4cc1-b3de-9e237aef0765&advertising-location=at_cars&make=&model=&page=18&postcode=BB7%203BB&fromsra
 ,£4999,2013,99700,2.0,29/05/2025,29,5,2025,1,https://www.autotrader.co.uk/car-details/202505292954553?sort=most-recent&searchId=3090e99f-62e0-4cc1-b3de-9e237aef0765&advertising-location=at_cars&make=&model=&page=18&postcode=BB7%203BB&fromsra
 ,£4850,2008,94095,3.2,29/05/2025,29,5,2025,1,https://www.autotrader.co.uk/car-details/202505292954550?sort=most-recent&searchId=3090e99f-62e0-4cc1-b3de-9e237aef0765&advertising-location=at_cars&make=&model=&page=18&postcode=BB7%203BB&fromsra
 ,£2495,2012,82000,1.6,29/05/2025,29,5,2025,1,https://www.autotrader.co.uk/car-details/202505292954536?sort=most-recent&searchId=3090e99f-62e0-4cc1-b3de-9e237aef0765&advertising-location=at_cars&make=&model=&page=18&postcode=BB7%203BB&fromsra
 ,£7500,2012,85500,2.0,29/05/2025,29,5,2025,1,https://www.autotrader.co.uk/car-details/202505292954526?sort=most-recent&searchId=3090e99f-62e0-4cc1-b3de-9e237aef0765&advertising-location=at_cars&make=&model=&page=18&postcode=BB7%203BB&fromsra
 ,£4995,2006,24000,1.6,29/05/2025,29,5,2025,1,https://www.autotrader.co.uk/car-details/202505292954520?sort=most-recent&searchId=3090e99f-62e0-4cc1-b3de-9e237aef0765&advertising-location=at_cars&make=&model=&page=18&postcode=BB7%203BB&fromsra
 ,£3495,2015,69700,1.0,29/05/2025,29,5,2025,1,https://www.autotrader.co.uk/car-details/202505292954515?sort=most-recent&searchId=3090e99f-62e0-4cc1-b3de-9e237aef0765&advertising-location=at_cars&make=&model=&page=18&postcode=BB7%203BB&fromsra
 ,£14400,2023,19200,1.0,29/05/2025,29,5,2025,1,https://www.autotrader.co.uk/car-details/202505292954508?sort=most-recent&searchId=3090e99f-62e0-4cc1-b3de-9e237aef0765&advertising-location=at_cars&make=&model=&page=18&postcode=BB7%203BB&fromsra
 ,£5395,2013,100000,1.4,29/05/2025,29,5,2025,1,https://www.autotrader.co.uk/car-details/202505292954507?sort=most-recent&searchId=3090e99f-62e0-4cc1-b3de-9e237aef0765&advertising-location=at_cars&make=&model=&page=18&postcode=BB7%203BB&fromsra
 ,£3995,2015,85680,1.6,29/05/2025,29,5,2025,1,https://www.autotrader.co.uk/car-details/202505292954501?sort=most-recent&searchId=3090e99f-62e0-4cc1-b3de-9e237aef0765&advertising-location=at_cars&make=&model=&page=18&postcode=BB7%203BB&fromsra
 ,£2650,1980,40578,1.5,29/05/2025,29,5,2025,1,https://www.autotrader.co.uk/car-details/202505292954493?sort=most-recent&searchId=3090e99f-62e0-4cc1-b3de-9e237aef0765&advertising-location=at_cars&make=&model=&page=18&postcode=BB7%203BB&fromsra
 ,£1999,2008,83191,1.8,29/05/2025,29,5,2025,1,https://www.autotrader.co.uk/car-details/202505292954485?sort=most-recent&searchId=3090e99f-62e0-4cc1-b3de-9e237aef0765&advertising-location=at_cars&make=&model=&page=18&postcode=BB7%203BB&fromsra
 ,£3595,2013,78000,1.5,29/05/2025,29,5,2025,1,https://www.autotrader.co.uk/car-details/202505292954476?sort=most-recent&searchId=3090e99f-62e0-4cc1-b3de-9e237aef0765&advertising-location=at_cars&make=&model=&page=18&postcode=BB7%203BB&fromsra
 ,£2675,2001,67000,2.5,29/05/2025,29,5,2025,1,https://www.autotrader.co.uk/car-details/202505292954474?sort=most-recent&searchId=3090e99f-62e0-4cc1-b3de-9e237aef0765&advertising-location=at_cars&make=&model=&page=18&postcode=BB7%203BB&fromsra
 ,£12500,2016,100704,3.2,29/05/2025,29,5,2025,1,https://www.autotrader.co.uk/car-details/202505292954470?sort=most-recent&searchId=3090e99f-62e0-4cc1-b3de-9e237aef0765&advertising-location=at_cars&make=&model=&page=18&postcode=BB7%203BB&fromsra
 ,£4595,2017,89376,1.0,29/05/2025,29,5,2025,1,https://www.autotrader.co.uk/car-details/202505292954461?sort=most-recent&searchId=3090e99f-62e0-4cc1-b3de-9e237aef0765&advertising-location=at_cars&make=&model=&page=18&postcode=BB7%203BB&fromsra
 ,£2950,2008,87206,1.6,29/05/2025,29,5,2025,1,https://www.autotrader.co.uk/car-details/202505292954456?sort=most-recent&searchId=3090e99f-62e0-4cc1-b3de-9e237aef0765&advertising-location=at_cars&make=&model=&page=18&postcode=BB7%203BB&fromsra
 ,£5795,2011,125000,1.8,29/05/2025,29,5,2025,1,https://www.autotrader.co.uk/car-details/202505292954454?sort=most-recent&searchId=3090e99f-62e0-4cc1-b3de-9e237aef0765&advertising-location=at_cars&make=&model=&page=18&postcode=BB7%203BB&fromsra
 ,£2500,2013,128290,1.8,29/05/2025,29,5,2025,1,https://www.autotrader.co.uk/car-details/202505292954443?sort=most-recent&searchId=3090e99f-62e0-4cc1-b3de-9e237aef0765&advertising-location=at_cars&make=&model=&page=18&postcode=BB7%203BB&fromsra
 ,£4800,2014,98367,1.6,29/05/2025,29,5,2025,1,https://www.autotrader.co.uk/car-details/202505292954442?sort=most-recent&searchId=3090e99f-62e0-4cc1-b3de-9e237aef0765&advertising-location=at_cars&make=&model=&page=18&postcode=BB7%203BB&fromsra
 ,£11999,2014,73000,2.1,29/05/2025,29,5,2025,1,https://www.autotrader.co.uk/car-details/202505292954432?sort=most-recent&searchId=3090e99f-62e0-4cc1-b3de-9e237aef0765&advertising-location=at_cars&make=&model=&page=18&postcode=BB7%203BB&fromsra
 ,£3150,2011,200474,2.0,29/05/2025,29,5,2025,1,https://www.autotrader.co.uk/car-details/202505292954431?sort=most-recent&searchId=3090e99f-62e0-4cc1-b3de-9e237aef0765&advertising-location=at_cars&make=&model=&page=18&postcode=BB7%203BB&fromsra
 ,£125995,2016,16000,6.6,29/05/2025,29,5,2025,1,https://www.autotrader.co.uk/car-details/202505292954430?sort=most-recent&searchId=3090e99f-62e0-4cc1-b3de-9e237aef0765&advertising-location=at_cars&make=&model=&page=18&postcode=BB7%203BB&fromsra
 ,£2999,2011,76363,1.7,29/05/2025,29,5,2025,1,https://www.autotrader.co.uk/car-details/202505292954429?sort=most-recent&searchId=3090e99f-62e0-4cc1-b3de-9e237aef0765&advertising-location=at_cars&make=&model=&page=18&postcode=BB7%203BB&fromsra
 ,£3450,2011,108358,2.0,29/05/2025,29,5,2025,1,https://www.autotrader.co.uk/car-details/202505292954427?sort=most-recent&searchId=3090e99f-62e0-4cc1-b3de-9e237aef0765&advertising-location=at_cars&make=&model=&page=18&postcode=BB7%203BB&fromsra
 ,£5995,2014,79000,2.0,29/05/2025,29,5,2025,1,https://www.autotrader.co.uk/car-details/202505292954425?sort=most-recent&searchId=3090e99f-62e0-4cc1-b3de-9e237aef0765&advertising-location=at_cars&make=&model=&page=18&postcode=BB7%203BB&fromsra
 ,£2495,2009,161217,1.9,29/05/2025,29,5,2025,1,https://www.autotrader.co.uk/car-details/202505292954423?sort=most-recent&searchId=3090e99f-62e0-4cc1-b3de-9e237aef0765&advertising-location=at_cars&make=&model=&page=18&postcode=BB7%203BB&fromsra
 ,£24995,2018,78000,3.0,29/05/2025,29,5,2025,1,https://www.autotrader.co.uk/car-details/202505292954416?sort=most-recent&searchId=3090e99f-62e0-4cc1-b3de-9e237aef0765&advertising-location=at_cars&make=&model=&page=18&postcode=BB7%203BB&fromsra
 ,£5000,2015,63362,0.9,29/05/2025,29,5,2025,1,https://www.autotrader.co.uk/car-details/202505292954415?sort=most-recent&searchId=3090e99f-62e0-4cc1-b3de-9e237aef0765&advertising-location=at_cars&make=&model=&page=18&postcode=BB7%203BB&fromsra
 ,£6485,2016,119000,2.0,29/05/2025,29,5,2025,1,https://www.autotrader.co.uk/car-details/202505292954411?sort=most-recent&searchId=3090e99f-62e0-4cc1-b3de-9e237aef0765&advertising-location=at_cars&make=&model=&page=18&postcode=BB7%203BB&fromsra
 ,£6995,2012,83200,2.2,29/05/2025,29,5,2025,1,https://www.autotrader.co.uk/car-details/202505292954404?sort=most-recent&searchId=3090e99f-62e0-4cc1-b3de-9e237aef0765&advertising-location=at_cars&make=&model=&page=18&postcode=BB7%203BB&fromsra
 ,£7990,2016,70000,1.0,29/05/2025,29,5,2025,1,https://www.autotrader.co.uk/car-details/202505292954397?sort=most-recent&twcs=true&searchId=3090e99f-62e0-4cc1-b3de-9e237aef0765&advertising-location=at_cars&make=&model=&page=18&postcode=BB7%203BB&fromsra
 ,£7295,2016,76000,1.5,29/05/2025,29,5,2025,1,https://www.autotrader.co.uk/car-details/202505292954395?sort=most-recent&searchId=3090e99f-62e0-4cc1-b3de-9e237aef0765&advertising-location=at_cars&make=&model=&page=18&postcode=BB7%203BB&fromsra
 ,£2350,2012,53000,1.33,29/05/2025,29,5,2025,1,https://www.autotrader.co.uk/car-details/202505292954394?sort=most-recent&searchId=3090e99f-62e0-4cc1-b3de-9e237aef0765&advertising-location=at_cars&make=&model=&page=18&postcode=BB7%203BB&fromsra
 ,£17495,2019,31000,2.0,29/05/2025,29,5,2025,1,https://www.autotrader.co.uk/car-details/202505292954393?sort=most-recent&searchId=3090e99f-62e0-4cc1-b3de-9e237aef0765&advertising-location=at_cars&make=&model=&page=18&postcode=BB7%203BB&fromsra
 ,£1480,2004,89900,1.4,29/05/2025,29,5,2025,1,https://www.autotrader.co.uk/car-details/202505292954391?sort=most-recent&searchId=3090e99f-62e0-4cc1-b3de-9e237aef0765&advertising-location=at_cars&make=&model=&page=18&postcode=BB7%203BB&fromsra
 ,£600,2009,109245,1.4,29/05/2025,29,5,2025,1,https://www.autotrader.co.uk/car-details/202505292954376?sort=most-recent&searchId=3090e99f-62e0-4cc1-b3de-9e237aef0765&advertising-location=at_cars&make=&model=&page=18&postcode=BB7%203BB&fromsra
 ,£9990,2020,49000,1.0,29/05/2025,29,5,2025,1,https://www.autotrader.co.uk/car-details/202505292954375?sort=most-recent&searchId=3090e99f-62e0-4cc1-b3de-9e237aef0765&advertising-location=at_cars&make=&model=&page=18&postcode=BB7%203BB&fromsra
 ,£15000,2018,57000,2.0,29/05/2025,29,5,2025,1,https://www.autotrader.co.uk/car-details/202505292954373?sort=most-recent&searchId=3090e99f-62e0-4cc1-b3de-9e237aef0765&advertising-location=at_cars&make=&model=&page=18&postcode=BB7%203BB&fromsra
 ,£7220,2016,47000,1.5,29/05/2025,29,5,2025,1,https://www.autotrader.co.uk/car-details/202505292954363?sort=most-recent&searchId=3090e99f-62e0-4cc1-b3de-9e237aef0765&advertising-location=at_cars&make=&model=&page=18&postcode=BB7%203BB&fromsra
 ,£2995,2013,77330,1.4,29/05/2025,29,5,2025,1,https://www.autotrader.co.uk/car-details/202505292954356?sort=most-recent&searchId=3090e99f-62e0-4cc1-b3de-9e237aef0765&advertising-location=at_cars&make=&model=&page=18&postcode=BB7%203BB&fromsra
 ,£3395,2013,87000,1.5,29/05/2025,29,5,2025,1,https://www.autotrader.co.uk/car-details/202505292954355?sort=most-recent&searchId=3090e99f-62e0-4cc1-b3de-9e237aef0765&advertising-location=at_cars&make=&model=&page=18&postcode=BB7%203BB&fromsra
 ,£1990,2026,138000,1.6,29/05/2025,29,5,2025,1,https://www.autotrader.co.uk/car-details/202505292954354?sort=most-recent&searchId=3090e99f-62e0-4cc1-b3de-9e237aef0765&advertising-location=at_cars&make=&model=&page=18&postcode=BB7%203BB&fromsra
 ,£7495,2014,90323,2.0,29/05/2025,29,5,2025,1,https://www.autotrader.co.uk/car-details/202505292954342?sort=most-recent&searchId=3090e99f-62e0-4cc1-b3de-9e237aef0765&advertising-location=at_cars&make=&model=&page=18&postcode=BB7%203BB&fromsra
 ,£4695,2012,98200,1.4,29/05/2025,29,5,2025,1,https://www.autotrader.co.uk/car-details/202505292954337?sort=most-recent&searchId=3090e99f-62e0-4cc1-b3de-9e237aef0765&advertising-location=at_cars&make=&model=&page=18&postcode=BB7%203BB&fromsra
 ,£1595,2010,77000,1.0,29/05/2025,29,5,2025,1,https://www.autotrader.co.uk/car-details/202505292954334?sort=most-recent&searchId=3090e99f-62e0-4cc1-b3de-9e237aef0765&advertising-location=at_cars&make=&model=&page=18&postcode=BB7%203BB&fromsra
 ,£15000,2008,39863,1.2,29/05/2025,29,5,2025,1,https://www.autotrader.co.uk/car-details/202505292954333?sort=most-recent&searchId=3090e99f-62e0-4cc1-b3de-9e237aef0765&advertising-location=at_cars&make=&model=&page=18&postcode=BB7%203BB&fromsra
 ,£7490,2016,66543,2.0,29/05/2025,29,5,2025,1,https://www.autotrader.co.uk/car-details/202505292954325?sort=most-recent&searchId=3090e99f-62e0-4cc1-b3de-9e237aef0765&advertising-location=at_cars&make=&model=&page=18&postcode=BB7%203BB&fromsra
 ,£2295,2011,112888,1.5,29/05/2025,29,5,2025,1,https://www.autotrader.co.uk/car-details/202505292954320?sort=most-recent&searchId=3090e99f-62e0-4cc1-b3de-9e237aef0765&advertising-location=at_cars&make=&model=&page=18&postcode=BB7%203BB&fromsra
 ,£5195,2010,83600,2.0,29/05/2025,29,5,2025,1,https://www.autotrader.co.uk/car-details/202505292954318?sort=most-recent&searchId=3090e99f-62e0-4cc1-b3de-9e237aef0765&advertising-location=at_cars&make=&model=&page=18&postcode=BB7%203BB&fromsra
 ,£2995,2013,80000,1.25,29/05/2025,29,5,2025,1,https://www.autotrader.co.uk/car-details/202505292954314?sort=most-recent&searchId=3090e99f-62e0-4cc1-b3de-9e237aef0765&advertising-location=at_cars&make=&model=&page=18&postcode=BB7%203BB&fromsra
 ,£11499,2014,49000,3.0,29/05/2025,29,5,2025,1,https://www.autotrader.co.uk/car-details/202505292954297?sort=most-recent&searchId=3090e99f-62e0-4cc1-b3de-9e237aef0765&advertising-location=at_cars&make=&model=&page=18&postcode=BB7%203BB&fromsra
 ,£7650,2017,45000,1.0,29/05/2025,29,5,2025,1,https://www.autotrader.co.uk/car-details/202505292954293?sort=most-recent&twcs=true&searchId=3090e99f-62e0-4cc1-b3de-9e237aef0765&advertising-location=at_cars&make=&model=&page=18&postcode=BB7%203BB&fromsra
 ,£11495,2020,33000,1.6,29/05/2025,29,5,2025,1,https://www.autotrader.co.uk/car-details/202505292954290?sort=most-recent&searchId=3090e99f-62e0-4cc1-b3de-9e237aef0765&advertising-location=at_cars&make=&model=&page=18&postcode=BB7%203BB&fromsra
 ,£1895,2009,78253,2.0,29/05/2025,29,5,2025,1,https://www.autotrader.co.uk/car-details/202505292954278?sort=most-recent&searchId=3090e99f-62e0-4cc1-b3de-9e237aef0765&advertising-location=at_cars&make=&model=&page=18&postcode=BB7%203BB&fromsra
 ,£6995,2013,23000,1.0,29/05/2025,29,5,2025,1,https://www.autotrader.co.uk/car-details/202505292954275?sort=most-recent&searchId=3090e99f-62e0-4cc1-b3de-9e237aef0765&advertising-location=at_cars&make=&model=&page=18&postcode=BB7%203BB&fromsra
 ,£4750,1990,0,1.0,29/05/2025,29,5,2025,1,https://www.autotrader.co.uk/car-details/202505292954273?sort=most-recent&searchId=3090e99f-62e0-4cc1-b3de-9e237aef0765&advertising-location=at_cars&make=&model=&page=18&postcode=BB7%203BB&fromsra
 ,£3300,2006,90265,1.6,29/05/2025,29,5,2025,1,https://www.autotrader.co.uk/car-details/202505292954271?sort=most-recent&searchId=3090e99f-62e0-4cc1-b3de-9e237aef0765&advertising-location=at_cars&make=&model=&page=18&postcode=BB7%203BB&fromsra
 ,£5950,2011,69000,1.8,29/05/2025,29,5,2025,1,https://www.autotrader.co.uk/car-details/202505292954269?sort=most-recent&searchId=3090e99f-62e0-4cc1-b3de-9e237aef0765&advertising-location=at_cars&make=&model=&page=18&postcode=BB7%203BB&fromsra
 ,£14995,2018,39000,2.0,29/05/2025,29,5,2025,1,https://www.autotrader.co.uk/car-details/202505292954267?sort=most-recent&searchId=3090e99f-62e0-4cc1-b3de-9e237aef0765&advertising-location=at_cars&make=&model=&page=18&postcode=BB7%203BB&fromsra
 ,£9495,2015,78000,2.2,29/05/2025,29,5,2025,1,https://www.autotrader.co.uk/car-details/202505292954266?sort=most-recent&searchId=3090e99f-62e0-4cc1-b3de-9e237aef0765&advertising-location=at_cars&make=&model=&page=18&postcode=BB7%203BB&fromsra
 ,£13990,2016,64350,2.0,29/05/2025,29,5,2025,1,https://www.autotrader.co.uk/car-details/202505292954265?sort=most-recent&searchId=3090e99f-62e0-4cc1-b3de-9e237aef0765&advertising-location=at_cars&make=&model=&page=18&postcode=BB7%203BB&fromsra
 ,£12495,2018,50000,1.5,29/05/2025,29,5,2025,1,https://www.autotrader.co.uk/car-details/202505292954263?sort=most-recent&searchId=3090e99f-62e0-4cc1-b3de-9e237aef0765&advertising-location=at_cars&make=&model=&page=18&postcode=BB7%203BB&fromsra
 ,£9395,2016,99000,2.0,29/05/2025,29,5,2025,1,https://www.autotrader.co.uk/car-details/202505292954262?sort=most-recent&searchId=3090e99f-62e0-4cc1-b3de-9e237aef0765&advertising-location=at_cars&make=&model=&page=18&postcode=BB7%203BB&fromsra
 ,£9590,2015,80139,2.0,29/05/2025,29,5,2025,1,https://www.autotrader.co.uk/car-details/202505292954261?sort=most-recent&searchId=3090e99f-62e0-4cc1-b3de-9e237aef0765&advertising-location=at_cars&make=&model=&page=18&postcode=BB7%203BB&fromsra
 ,£24999,2017,65000,,29/05/2025,29,5,2025,1,https://www.autotrader.co.uk/car-details/202505292954258?sort=most-recent&searchId=3090e99f-62e0-4cc1-b3de-9e237aef0765&advertising-location=at_cars&make=&model=&page=18&postcode=BB7%203BB&fromsra
 ,£3195,2007,134000,3.0,29/05/2025,29,5,2025,1,https://www.autotrader.co.uk/car-details/202505292954255?sort=most-recent&searchId=3090e99f-62e0-4cc1-b3de-9e237aef0765&advertising-location=at_cars&make=&model=&page=18&postcode=BB7%203BB&fromsra
 ,£2950,2003,117013,3.2,29/05/2025,29,5,2025,1,https://www.autotrader.co.uk/car-details/202505292954240?sort=most-recent&searchId=3090e99f-62e0-4cc1-b3de-9e237aef0765&advertising-location=at_cars&make=&model=&page=18&postcode=BB7%203BB&fromsra
 ,£8999,2015,113800,3.0,29/05/2025,29,5,2025,1,https://www.autotrader.co.uk/car-details/202505292954235?sort=most-recent&searchId=3090e99f-62e0-4cc1-b3de-9e237aef0765&advertising-location=at_cars&make=&model=&page=18&postcode=BB7%203BB&fromsra
 ,£4999,2015,93000,1.5,29/05/2025,29,5,2025,1,https://www.autotrader.co.uk/car-details/202505292954231?sort=most-recent&searchId=3090e99f-62e0-4cc1-b3de-9e237aef0765&advertising-location=at_cars&make=&model=&page=18&postcode=BB7%203BB&fromsra
 ,£14940,2018,51024,2.0,29/05/2025,29,5,2025,1,https://www.autotrader.co.uk/car-details/202505292954228?sort=most-recent&searchId=3090e99f-62e0-4cc1-b3de-9e237aef0765&advertising-location=at_cars&make=&model=&page=18&postcode=BB7%203BB&fromsra
 ,£24995,2018,62000,3.0,29/05/2025,29,5,2025,1,https://www.autotrader.co.uk/car-details/202505292954226?sort=most-recent&searchId=3090e99f-62e0-4cc1-b3de-9e237aef0765&advertising-location=at_cars&make=&model=&page=18&postcode=BB7%203BB&fromsra
 ,£49795,2021,21036,2.0,29/05/2025,29,5,2025,1,https://www.autotrader.co.uk/car-details/202505292954216?sort=most-recent&searchId=3090e99f-62e0-4cc1-b3de-9e237aef0765&advertising-location=at_cars&make=&model=&page=18&postcode=BB7%203BB&fromsra
 ,£4295,2011,77200,1.6,29/05/2025,29,5,2025,1,https://www.autotrader.co.uk/car-details/202505292954208?sort=most-recent&searchId=3090e99f-62e0-4cc1-b3de-9e237aef0765&advertising-location=at_cars&make=&model=&page=18&postcode=BB7%203BB&fromsra
 ,£9995,2013,39000,2.0,29/05/2025,29,5,2025,1,https://www.autotrader.co.uk/car-details/202505292954199?sort=most-recent&searchId=3090e99f-62e0-4cc1-b3de-9e237aef0765&advertising-location=at_cars&make=&model=&page=18&postcode=BB7%203BB&fromsra
 ,£29995,2021,47000,2.0,29/05/2025,29,5,2025,1,https://www.autotrader.co.uk/car-details/202505292954127?sort=most-recent&searchId=3090e99f-62e0-4cc1-b3de-9e237aef0765&advertising-location=at_cars&make=&model=&page=18&postcode=BB7%203BB&fromsra
 ,£14480,2021,54000,1.8,29/05/2025,29,5,2025,1,https://www.autotrader.co.uk/car-details/202505292954125?sort=most-recent&twcs=true&searchId=3090e99f-62e0-4cc1-b3de-9e237aef0765&advertising-location=at_cars&make=&model=&page=18&postcode=BB7%203BB&fromsra
 ,£5489,2016,75300,1.2,29/05/2025,29,5,2025,1,https://www.autotrader.co.uk/car-details/202505292954124?sort=most-recent&searchId=3090e99f-62e0-4cc1-b3de-9e237aef0765&advertising-location=at_cars&make=&model=&page=18&postcode=BB7%203BB&fromsra
 ,£3520,2013,55781,1.0,29/05/2025,29,5,2025,1,https://www.autotrader.co.uk/car-details/202505292954122?sort=most-recent&searchId=3090e99f-62e0-4cc1-b3de-9e237aef0765&advertising-location=at_cars&make=&model=&page=18&postcode=BB7%203BB&fromsra
 ,£8700,2014,61000,1.8,29/05/2025,29,5,2025,1,https://www.autotrader.co.uk/car-details/202505292954120?sort=most-recent&twcs=true&searchId=3090e99f-62e0-4cc1-b3de-9e237aef0765&advertising-location=at_cars&make=&model=&page=18&postcode=BB7%203BB&fromsra
 ,£5000,2011,98000,2.0,29/05/2025,29,5,2025,1,https://www.autotrader.co.uk/car-details/202505292954118?sort=most-recent&searchId=3090e99f-62e0-4cc1-b3de-9e237aef0765&advertising-location=at_cars&make=&model=&page=18&postcode=BB7%203BB&fromsra
 ,£1990,2012,84500,1.4,29/05/2025,29,5,2025,1,https://www.autotrader.co.uk/car-details/202505292954116?sort=most-recent&searchId=3090e99f-62e0-4cc1-b3de-9e237aef0765&advertising-location=at_cars&make=&model=&page=18&postcode=BB7%203BB&fromsra
 ,£2200,2015,100750,0.9,29/05/2025,29,5,2025,1,https://www.autotrader.co.uk/car-details/202505292954114?sort=most-recent&searchId=3090e99f-62e0-4cc1-b3de-9e237aef0765&advertising-location=at_cars&make=&model=&page=18&postcode=BB7%203BB&fromsra
 ,£9495,2016,70000,1.6,29/05/2025,29,5,2025,1,https://www.autotrader.co.uk/car-details/202505292954106?sort=most-recent&searchId=3090e99f-62e0-4cc1-b3de-9e237aef0765&advertising-location=at_cars&make=&model=&page=18&postcode=BB7%203BB&fromsra
 ,£9995,2013,92507,3.0,29/05/2025,29,5,2025,1,https://www.autotrader.co.uk/car-details/202505292954105?sort=most-recent&searchId=3090e99f-62e0-4cc1-b3de-9e237aef0765&advertising-location=at_cars&make=&model=&page=18&postcode=BB7%203BB&fromsra
 ,£2700,2012,133153,2.0,29/05/2025,29,5,2025,1,https://www.autotrader.co.uk/car-details/202505292954104?sort=most-recent&searchId=3090e99f-62e0-4cc1-b3de-9e237aef0765&advertising-location=at_cars&make=&model=&page=18&postcode=BB7%203BB&fromsra
 ,£24850,2020,40500,2.0,29/05/2025,29,5,2025,1,https://www.autotrader.co.uk/car-details/202505292954096?sort=most-recent&searchId=3090e99f-62e0-4cc1-b3de-9e237aef0765&advertising-location=at_cars&make=&model=&page=18&postcode=BB7%203BB&fromsra
 ,£8499,2019,88200,1.0,29/05/2025,29,5,2025,1,https://www.autotrader.co.uk/car-details/202505292954094?sort=most-recent&searchId=3090e99f-62e0-4cc1-b3de-9e237aef0765&advertising-location=at_cars&make=&model=&page=18&postcode=BB7%203BB&fromsra
 ,£3695,2012,64234,1.5,29/05/2025,29,5,2025,1,https://www.autotrader.co.uk/car-details/202505292954086?sort=most-recent&searchId=3090e99f-62e0-4cc1-b3de-9e237aef0765&advertising-location=at_cars&make=&model=&page=18&postcode=BB7%203BB&fromsra
 ,£19950,2015,83465,3.0,29/05/2025,29,5,2025,1,https://www.autotrader.co.uk/car-details/202505292954085?sort=most-recent&searchId=3090e99f-62e0-4cc1-b3de-9e237aef0765&advertising-location=at_cars&make=&model=&page=18&postcode=BB7%203BB&fromsra
 ,£7895,2015,119400,2.0,29/05/2025,29,5,2025,1,https://www.autotrader.co.uk/car-details/202505292954084?sort=most-recent&searchId=3090e99f-62e0-4cc1-b3de-9e237aef0765&advertising-location=at_cars&make=&model=&page=18&postcode=BB7%203BB&fromsra
 ,£2999,2011,101428,1.6,29/05/2025,29,5,2025,1,https://www.autotrader.co.uk/car-details/202505292954082?sort=most-recent&searchId=3090e99f-62e0-4cc1-b3de-9e237aef0765&advertising-location=at_cars&make=&model=&page=18&postcode=BB7%203BB&fromsra
 ,£3995,2012,90979,1.2,29/05/2025,29,5,2025,1,https://www.autotrader.co.uk/car-details/202505292954080?sort=most-recent&searchId=3090e99f-62e0-4cc1-b3de-9e237aef0765&advertising-location=at_cars&make=&model=&page=18&postcode=BB7%203BB&fromsra
 ,£2020,2012,62000,1.6,29/05/2025,29,5,2025,1,https://www.autotrader.co.uk/car-details/202505292954076?sort=most-recent&searchId=3090e99f-62e0-4cc1-b3de-9e237aef0765&advertising-location=at_cars&make=&model=&page=18&postcode=BB7%203BB&fromsra
 ,£21450,2023,14000,2.0,29/05/2025,29,5,2025,1,https://www.autotrader.co.uk/car-details/202505292954069?sort=most-recent&searchId=3090e99f-62e0-4cc1-b3de-9e237aef0765&advertising-location=at_cars&make=&model=&page=18&postcode=BB7%203BB&fromsra
 ,£3999,2014,85000,1.5,29/05/2025,29,5,2025,1,https://www.autotrader.co.uk/car-details/202505292954066?sort=most-recent&searchId=3090e99f-62e0-4cc1-b3de-9e237aef0765&advertising-location=at_cars&make=&model=&page=18&postcode=BB7%203BB&fromsra
 ,£2899,2013,89137,1.2,29/05/2025,29,5,2025,1,https://www.autotrader.co.uk/car-details/202505292954059?sort=most-recent&searchId=3090e99f-62e0-4cc1-b3de-9e237aef0765&advertising-location=at_cars&make=&model=&page=18&postcode=BB7%203BB&fromsra
 ,£9895,2017,22700,1.5,29/05/2025,29,5,2025,1,https://www.autotrader.co.uk/car-details/202505292954057?sort=most-recent&searchId=3090e99f-62e0-4cc1-b3de-9e237aef0765&advertising-location=at_cars&make=&model=&page=18&postcode=BB7%203BB&fromsra
 ,£5400,2011,103000,2.5,29/05/2025,29,5,2025,1,https://www.autotrader.co.uk/car-details/202505292954052?sort=most-recent&searchId=3090e99f-62e0-4cc1-b3de-9e237aef0765&advertising-location=at_cars&make=&model=&page=18&postcode=BB7%203BB&fromsra
 ,£3150,2013,134272,1.7,29/05/2025,29,5,2025,1,https://www.autotrader.co.uk/car-details/202505292954024?sort=most-recent&searchId=3090e99f-62e0-4cc1-b3de-9e237aef0765&advertising-location=at_cars&make=&model=&page=18&postcode=BB7%203BB&fromsra
 ,£2300,2013,105771,1.4,29/05/2025,29,5,2025,1,https://www.autotrader.co.uk/car-details/202505292954022?sort=most-recent&searchId=3090e99f-62e0-4cc1-b3de-9e237aef0765&advertising-location=at_cars&make=&model=&page=18&postcode=BB7%203BB&fromsra
 ,£11850,2016,91600,2.0,29/05/2025,29,5,2025,1,https://www.autotrader.co.uk/car-details/202505292954020?sort=most-recent&searchId=3090e99f-62e0-4cc1-b3de-9e237aef0765&advertising-location=at_cars&make=&model=&page=18&postcode=BB7%203BB&fromsra
 ,£32000,2021,29850,2.0,29/05/2025,29,5,2025,1,https://www.autotrader.co.uk/car-details/202505292954013?sort=most-recent&searchId=3090e99f-62e0-4cc1-b3de-9e237aef0765&advertising-location=at_cars&make=&model=&page=18&postcode=BB7%203BB&fromsra
 ,£15184,2021,47618,1.6,29/05/2025,29,5,2025,1,https://www.autotrader.co.uk/car-details/202505292954007?sort=most-recent&twcs=true&searchId=3090e99f-62e0-4cc1-b3de-9e237aef0765&advertising-location=at_cars&make=&model=&page=18&postcode=BB7%203BB&fromsra
 ,£4850,2017,87168,1.0,29/05/2025,29,5,2025,1,https://www.autotrader.co.uk/car-details/202505292954005?sort=most-recent&searchId=3090e99f-62e0-4cc1-b3de-9e237aef0765&advertising-location=at_cars&make=&model=&page=18&postcode=BB7%203BB&fromsra
 ,£20650,2023,16500,64.8,29/05/2025,29,5,2025,1,https://www.autotrader.co.uk/car-details/202505292954004?sort=most-recent&searchId=3090e99f-62e0-4cc1-b3de-9e237aef0765&advertising-location=at_cars&make=&model=&page=18&postcode=BB7%203BB&fromsra
